run	module	strain	country	subnational	level	conf	lat	lon	rate	raw_depth	bio1	bio4	bio11	bio12	bio15	elev	PC1	PC2	PC3	PC4	bio_all_json	strain_source
SRR12072096	P3	C	Zambia	(国)	0	low	-14.5189	27.559	97.15	8.78	21.02	272.26	17.18	924.0	118.23	1129.0	-0.214861	0.265834	-0.294043	0.082102	bio1=21.02;bio2=14.86;bio3=58.9;bio4=272.26;bio5=32.52;bio6=7.3;bio7=25.22;bio8=22.29;bio9=17.35;bio10=23.8;bio11=17.18;bio12=924.0;bio13=229.0;bio14=0.0;bio15=118.23;bio16=646.0;bio17=0.0;bio18=135.0;bio19=6.0	predicted
SRR20748643	P3	C	China	(国)	0	low	34.5412	108.9237	97.52	10.32	13.16	968.6	0.89	633.0	73.26	414.0	-0.218856	0.276195	-0.236710	0.038038	bio1=13.16;bio2=10.47;bio3=28.61;bio4=968.6;bio5=31.1;bio6=-5.47;bio7=36.57;bio8=23.41;bio9=0.89;bio10=25.02;bio11=0.89;bio12=633.0;bio13=117.0;bio14=6.0;bio15=73.26;bio16=322.0;bio17=22.0;bio18=287.0;bio19=22.0	predicted
SRR20748719	P3	C	Malaysia	(国)	0	low	4.5694	102.2657	96.09	14.57	22.26	61.15	21.37	2730.0	33.92	846.0	-0.214511	0.305521	-0.250170	0.037487	bio1=22.26;bio2=8.27;bio3=81.91;bio4=61.15;bio5=27.5;bio6=17.4;bio7=10.1;bio8=21.96;bio9=22.59;bio10=22.93;bio11=21.37;bio12=2730.0;bio13=373.0;bio14=131.0;bio15=33.92;bio16=1021.0;bio17=494.0;bio18=606.0;bio19=742.0	predicted
SRR20748733	P3	C	China	(国)	0	low	34.5412	108.9237	94.81	10.24	13.16	968.6	0.89	633.0	73.26	414.0	-0.221404	0.290225	-0.248517	0.030772	bio1=13.16;bio2=10.47;bio3=28.61;bio4=968.6;bio5=31.1;bio6=-5.47;bio7=36.57;bio8=23.41;bio9=0.89;bio10=25.02;bio11=0.89;bio12=633.0;bio13=117.0;bio14=6.0;bio15=73.26;bio16=322.0;bio17=22.0;bio18=287.0;bio19=22.0	predicted
SRR20748753	P3	C	Malaysia	(国)	0	low	4.5694	102.2657	95.63	14.47	22.26	61.15	21.37	2730.0	33.92	846.0	-0.219813	0.304281	-0.253978	0.037460	bio1=22.26;bio2=8.27;bio3=81.91;bio4=61.15;bio5=27.5;bio6=17.4;bio7=10.1;bio8=21.96;bio9=22.59;bio10=22.93;bio11=21.37;bio12=2730.0;bio13=373.0;bio14=131.0;bio15=33.92;bio16=1021.0;bio17=494.0;bio18=606.0;bio19=742.0	predicted
SRR34858432	P3	C	Ghana	(国)	0	low	8.03	-1.08	99.04	6.35	27.44	144.89	25.73	1165.0	70.98	128.0	-0.193266	0.247692	-0.208873	0.032668	bio1=27.44;bio2=10.48;bio3=65.71;bio4=144.89;bio5=36.35;bio6=20.39;bio7=15.96;bio8=25.73;bio9=28.11;bio10=29.45;bio11=25.73;bio12=1165.0;bio13=201.0;bio14=4.0;bio15=70.98;bio16=483.0;bio17=29.0;bio18=191.0;bio19=483.0	predicted
SRR34858444	P3	C	Zambia	(国)	0	low	-14.5189	27.559	96.92	6.58	21.02	272.26	17.18	924.0	118.23	1129.0	-0.204523	0.241920	-0.193245	0.023217	bio1=21.02;bio2=14.86;bio3=58.9;bio4=272.26;bio5=32.52;bio6=7.3;bio7=25.22;bio8=22.29;bio9=17.35;bio10=23.8;bio11=17.18;bio12=924.0;bio13=229.0;bio14=0.0;bio15=118.23;bio16=646.0;bio17=0.0;bio18=135.0;bio19=6.0	predicted
SRR34858448	P3	C	Malawi	(国)	0	low	-13.2687	33.9302	98.98	6.83	19.89	229.2	16.61	927.0	121.33	1163.0	-0.207788	0.268000	-0.188467	0.030691	bio1=19.89;bio2=10.75;bio3=57.07;bio4=229.2;bio5=28.62;bio6=9.78;bio7=18.84;bio8=21.33;bio9=17.91;bio10=22.33;bio11=16.61;bio12=927.0;bio13=242.0;bio14=0.0;bio15=121.33;bio16=632.0;bio17=2.0;bio18=241.0;bio19=3.0	predicted
SRR34858451	P3	C	Malawi	(国)	0	low	-13.2687	33.9302	98.21	6.66	19.89	229.2	16.61	927.0	121.33	1163.0	-0.201784	0.236812	-0.230002	0.031775	bio1=19.89;bio2=10.75;bio3=57.07;bio4=229.2;bio5=28.62;bio6=9.78;bio7=18.84;bio8=21.33;bio9=17.91;bio10=22.33;bio11=16.61;bio12=927.0;bio13=242.0;bio14=0.0;bio15=121.33;bio16=632.0;bio17=2.0;bio18=241.0;bio19=3.0	predicted
SRR34858465	P3	C	Rwanda	(国)	0	low	-2.0002	30.0004	98.96	6.82	20.66	37.57	20.38	1012.0	57.78	1413.0	-0.176550	0.280675	-0.212275	0.046814	bio1=20.66;bio2=11.18;bio3=81.9;bio4=37.57;bio5=27.74;bio6=14.09;bio7=13.65;bio8=20.58;bio9=20.69;bio10=21.17;bio11=20.38;bio12=1012.0;bio13=172.0;bio14=7.0;bio15=57.78;bio16=417.0;bio17=52.0;bio18=179.0;bio19=155.0	predicted
SRR34858467	P3	C	Rwanda	(国)	0	low	-2.0002	30.0004	99.43	6.81	20.66	37.57	20.38	1012.0	57.78	1413.0	-0.211266	0.266976	-0.223491	0.054634	bio1=20.66;bio2=11.18;bio3=81.9;bio4=37.57;bio5=27.74;bio6=14.09;bio7=13.65;bio8=20.58;bio9=20.69;bio10=21.17;bio11=20.38;bio12=1012.0;bio13=172.0;bio14=7.0;bio15=57.78;bio16=417.0;bio17=52.0;bio18=179.0;bio19=155.0	predicted
SRR34858472	P3	C	Kenya	(国)	0	low	0.2793	37.5165	99.27	6.83	20.97	78.48	20.13	1084.0	100.7	1407.0	-0.213992	0.254761	-0.228532	0.021513	bio1=20.97;bio2=13.24;bio3=82.59;bio4=78.48;bio5=29.64;bio6=13.61;bio7=16.03;bio8=20.77;bio9=20.13;bio10=21.84;bio11=20.13;bio12=1084.0;bio13=279.0;bio14=6.0;bio15=100.7;bio16=570.0;bio17=23.0;bio18=353.0;bio19=23.0	predicted
SRR34858474	P3	C	Kenya	(国)	0	low	0.2793	37.5165	98.86	6.73	20.97	78.48	20.13	1084.0	100.7	1407.0	-0.213934	0.271622	-0.207428	0.024419	bio1=20.97;bio2=13.24;bio3=82.59;bio4=78.48;bio5=29.64;bio6=13.61;bio7=16.03;bio8=20.77;bio9=20.13;bio10=21.84;bio11=20.13;bio12=1084.0;bio13=279.0;bio14=6.0;bio15=100.7;bio16=570.0;bio17=23.0;bio18=353.0;bio19=23.0	predicted
SRR34858475	P3	C	Sudan	(国)	0	low	14.5844	29.4918	98.96	6.77	26.95	293.25	22.72	174.0	168.7	539.0	-0.205261	0.222935	-0.195761	0.013847	bio1=26.95;bio2=15.73;bio3=61.46;bio4=293.25;bio5=38.91;bio6=13.31;bio7=25.6;bio8=27.82;bio9=23.94;bio10=30.19;bio11=22.72;bio12=174.0;bio13=73.0;bio14=0.0;bio15=168.7;bio16=160.0;bio17=0.0;bio18=12.0;bio19=0.0	predicted
SRR34858476	P3	C	Sudan	(国)	0	low	14.5844	29.4918	97.43	6.65	26.95	293.25	22.72	174.0	168.7	539.0	-0.202441	0.234596	-0.228589	0.028860	bio1=26.95;bio2=15.73;bio3=61.46;bio4=293.25;bio5=38.91;bio6=13.31;bio7=25.6;bio8=27.82;bio9=23.94;bio10=30.19;bio11=22.72;bio12=174.0;bio13=73.0;bio14=0.0;bio15=168.7;bio16=160.0;bio17=0.0;bio18=12.0;bio19=0.0	predicted
SRR34858482	P3	C	Ghana	(国)	0	low	8.03	-1.08	98.07	6.31	27.44	144.89	25.73	1165.0	70.98	128.0	-0.198560	0.227257	-0.253814	0.024198	bio1=27.44;bio2=10.48;bio3=65.71;bio4=144.89;bio5=36.35;bio6=20.39;bio7=15.96;bio8=25.73;bio9=28.11;bio10=29.45;bio11=25.73;bio12=1165.0;bio13=201.0;bio14=4.0;bio15=70.98;bio16=483.0;bio17=29.0;bio18=191.0;bio19=483.0	predicted
SRR12044622	P4	C	Brazil	(国)	0	low	-10.3333	-53.2	77.67	5.43	25.74	41.94	25.25	2198.0	77.04	320.0	-0.108410	-0.139569	0.052081	0.037405	bio1=25.74;bio2=12.15;bio3=69.58;bio4=41.94;bio5=34.66;bio6=17.2;bio7=17.46;bio8=25.58;bio9=25.4;bio10=26.22;bio11=25.25;bio12=2198.0;bio13=374.0;bio14=4.0;bio15=77.04;bio16=1050.0;bio17=28.0;bio18=357.0;bio19=53.0	predicted
SRR12044624	P4	C	Brazil	(国)	0	low	-10.3333	-53.2	68.87	5.12	25.74	41.94	25.25	2198.0	77.04	320.0	-0.099090	-0.134334	0.048653	0.037725	bio1=25.74;bio2=12.15;bio3=69.58;bio4=41.94;bio5=34.66;bio6=17.2;bio7=17.46;bio8=25.58;bio9=25.4;bio10=26.22;bio11=25.25;bio12=2198.0;bio13=374.0;bio14=4.0;bio15=77.04;bio16=1050.0;bio17=28.0;bio18=357.0;bio19=53.0	predicted
SRR12044626	P4	C	Brazil	(国)	0	low	-10.3333	-53.2	98.68	6.98	25.74	41.94	25.25	2198.0	77.04	320.0	-0.119413	-0.118447	0.037076	0.062113	bio1=25.74;bio2=12.15;bio3=69.58;bio4=41.94;bio5=34.66;bio6=17.2;bio7=17.46;bio8=25.58;bio9=25.4;bio10=26.22;bio11=25.25;bio12=2198.0;bio13=374.0;bio14=4.0;bio15=77.04;bio16=1050.0;bio17=28.0;bio18=357.0;bio19=53.0	predicted
SRR12044628	P4	C	USA	(国)	0	low	39.7837	-100.4459	98.14	35.34	10.92	1011.89	-1.37	552.0	62.05	816.0	-0.093816	-0.087607	0.004254	-0.045862	bio1=10.92;bio2=15.49;bio3=36.17;bio4=1011.89;bio5=32.93;bio6=-9.9;bio7=42.83;bio8=20.86;bio9=-1.37;bio10=23.56;bio11=-1.37;bio12=552.0;bio13=91.0;bio14=12.0;bio15=62.05;bio16=258.0;bio17=39.0;bio18=233.0;bio19=39.0	predicted
SRR12044633	P4	R	Puerto Rico	(国)	0	low	18.2248	-66.4858	97.82	10.5	22.38	139.58	20.59	1962.0	38.18	524.0	0.318762	0.006902	0.002909	0.028839	bio1=22.38;bio2=10.19;bio3=73.45;bio4=139.58;bio5=28.94;bio6=15.07;bio7=13.87;bio8=23.71;bio9=20.59;bio10=23.88;bio11=20.59;bio12=1962.0;bio13=263.0;bio14=77.0;bio15=38.18;bio16=723.0;bio17=262.0;bio18=595.0;bio19=262.0	predicted
SRR12044635	P4	C	Puerto Rico	(国)	0	low	18.2248	-66.4858	93.55	9.91	22.38	139.58	20.59	1962.0	38.18	524.0	-0.124690	-0.110536	0.027482	-0.074588	bio1=22.38;bio2=10.19;bio3=73.45;bio4=139.58;bio5=28.94;bio6=15.07;bio7=13.87;bio8=23.71;bio9=20.59;bio10=23.88;bio11=20.59;bio12=1962.0;bio13=263.0;bio14=77.0;bio15=38.18;bio16=723.0;bio17=262.0;bio18=595.0;bio19=262.0	predicted
SRR12044636	P4	C	Puerto Rico	(国)	0	low	18.2248	-66.4858	97.6	6.37	22.38	139.58	20.59	1962.0	38.18	524.0	-0.135574	-0.118866	0.024926	-0.078007	bio1=22.38;bio2=10.19;bio3=73.45;bio4=139.58;bio5=28.94;bio6=15.07;bio7=13.87;bio8=23.71;bio9=20.59;bio10=23.88;bio11=20.59;bio12=1962.0;bio13=263.0;bio14=77.0;bio15=38.18;bio16=723.0;bio17=262.0;bio18=595.0;bio19=262.0	predicted
SRR12044637	P4	C	USA	(国)	0	low	39.7837	-100.4459	97.67	10.26	10.92	1011.89	-1.37	552.0	62.05	816.0	-0.116935	-0.114015	0.019259	-0.063307	bio1=10.92;bio2=15.49;bio3=36.17;bio4=1011.89;bio5=32.93;bio6=-9.9;bio7=42.83;bio8=20.86;bio9=-1.37;bio10=23.56;bio11=-1.37;bio12=552.0;bio13=91.0;bio14=12.0;bio15=62.05;bio16=258.0;bio17=39.0;bio18=233.0;bio19=39.0	predicted
SRR12044638	P4	C	USA	(国)	0	low	39.7837	-100.4459	97.46	6.73	10.92	1011.89	-1.37	552.0	62.05	816.0	-0.108814	-0.115505	0.019259	-0.084370	bio1=10.92;bio2=15.49;bio3=36.17;bio4=1011.89;bio5=32.93;bio6=-9.9;bio7=42.83;bio8=20.86;bio9=-1.37;bio10=23.56;bio11=-1.37;bio12=552.0;bio13=91.0;bio14=12.0;bio15=62.05;bio16=258.0;bio17=39.0;bio18=233.0;bio19=39.0	predicted
SRR12044645	P4	C	Argentina	(国)	0	low	-34.9965	-64.9673	98.72	6.93	16.48	595.36	8.93	599.0	56.73	261.0	-0.108320	-0.114944	0.027560	0.044468	bio1=16.48;bio2=15.16;bio3=48.23;bio4=595.36;bio5=32.47;bio6=1.04;bio7=31.43;bio8=22.89;bio9=8.93;bio10=23.72;bio11=8.93;bio12=599.0;bio13=91.0;bio14=13.0;bio15=56.73;bio16=245.0;bio17=44.0;bio18=242.0;bio19=44.0	predicted
SRR12044648	P4	C	Kenya	(国)	0	low	0.2793	37.5165	91.62	6.19	20.97	78.48	20.13	1084.0	100.7	1407.0	-0.198121	0.299017	-0.273389	0.048197	bio1=20.97;bio2=13.24;bio3=82.59;bio4=78.48;bio5=29.64;bio6=13.61;bio7=16.03;bio8=20.77;bio9=20.13;bio10=21.84;bio11=20.13;bio12=1084.0;bio13=279.0;bio14=6.0;bio15=100.7;bio16=570.0;bio17=23.0;bio18=353.0;bio19=23.0	predicted
SRR12044649	P4	C	Kenya	(国)	0	low	0.2793	37.5165	96.79	6.54	20.97	78.48	20.13	1084.0	100.7	1407.0	-0.222566	0.340126	-0.395269	0.089436	bio1=20.97;bio2=13.24;bio3=82.59;bio4=78.48;bio5=29.64;bio6=13.61;bio7=16.03;bio8=20.77;bio9=20.13;bio10=21.84;bio11=20.13;bio12=1084.0;bio13=279.0;bio14=6.0;bio15=100.7;bio16=570.0;bio17=23.0;bio18=353.0;bio19=23.0	predicted
SRR12044650	P4	C	Kenya	(国)	0	low	0.2793	37.5165	94.62	6.42	20.97	78.48	20.13	1084.0	100.7	1407.0	-0.224032	0.346375	-0.388979	0.088282	bio1=20.97;bio2=13.24;bio3=82.59;bio4=78.48;bio5=29.64;bio6=13.61;bio7=16.03;bio8=20.77;bio9=20.13;bio10=21.84;bio11=20.13;bio12=1084.0;bio13=279.0;bio14=6.0;bio15=100.7;bio16=570.0;bio17=23.0;bio18=353.0;bio19=23.0	predicted
SRR12044667	P4	C	Argentina	(国)	0	low	-34.9965	-64.9673	96.03	6.73	16.48	595.36	8.93	599.0	56.73	261.0	-0.108246	-0.114846	0.031030	-0.011744	bio1=16.48;bio2=15.16;bio3=48.23;bio4=595.36;bio5=32.47;bio6=1.04;bio7=31.43;bio8=22.89;bio9=8.93;bio10=23.72;bio11=8.93;bio12=599.0;bio13=91.0;bio14=13.0;bio15=56.73;bio16=245.0;bio17=44.0;bio18=242.0;bio19=44.0	predicted
SRR12044668	P4	C	Argentina	(国)	0	low	-34.9965	-64.9673	98.58	10.57	16.48	595.36	8.93	599.0	56.73	261.0	-0.091333	-0.110030	0.021510	0.037230	bio1=16.48;bio2=15.16;bio3=48.23;bio4=595.36;bio5=32.47;bio6=1.04;bio7=31.43;bio8=22.89;bio9=8.93;bio10=23.72;bio11=8.93;bio12=599.0;bio13=91.0;bio14=13.0;bio15=56.73;bio16=245.0;bio17=44.0;bio18=242.0;bio19=44.0	predicted
SRR9289268	P2	C	Brazil	Rio Verde, Goias	3	high	-17.7921	-50.9191	84.97	6.08	22.38	128.33	20.42	1670.0	77.03	759.0	-0.139205	-0.167985	0.080261	0.293231	bio1=22.38;bio2=11.85;bio3=70.42;bio4=128.33;bio5=29.5;bio6=12.67;bio7=16.83;bio8=23.02;bio9=20.79;bio10=23.37;bio11=20.42;bio12=1670.0;bio13=293.0;bio14=13.0;bio15=77.03;bio16=836.0;bio17=52.0;bio18=493.0;bio19=71.0	predicted
SRR9289269	P2	C	Brazil	Conchal, Sao Paulo	3	high	-22.3375	-47.1729	95.94	6.96	20.38	243.62	17.1	1296.0	73.17	640.0	-0.142667	-0.174534	0.087525	0.337376	bio1=20.38;bio2=11.66;bio3=63.85;bio4=243.62;bio5=27.94;bio6=9.67;bio7=18.27;bio8=22.82;bio9=17.1;bio10=22.83;bio11=17.1;bio12=1296.0;bio13=241.0;bio14=21.0;bio15=73.17;bio16=653.0;bio17=84.0;bio18=597.0;bio19=84.0	predicted
SRR9289271	P2	C	Brazil	Jatai, Goias	3	high	-17.8856	-51.7203	75.07	4.64	22.36	147.06	20.14	1626.0	73.46	708.0	-0.130515	-0.149529	0.065075	0.176814	bio1=22.36;bio2=12.12;bio3=68.64;bio4=147.06;bio5=29.81;bio6=12.16;bio7=17.65;bio8=23.28;bio9=20.45;bio10=23.51;bio11=20.14;bio12=1626.0;bio13=295.0;bio14=17.0;bio15=73.46;bio16=775.0;bio17=62.0;bio18=639.0;bio19=86.0	predicted
SRR9289273	P2	C	Brazil	Santa Cruz das Palmeiras, Sao Paulo	3	high	-21.8235	-47.248	74.88	7.82	21.01	226.51	17.82	1343.0	75.65	713.0	-0.144706	-0.175627	0.090659	0.347946	bio1=21.01;bio2=12.2;bio3=65.38;bio4=226.51;bio5=28.57;bio6=9.92;bio7=18.66;bio8=23.12;bio9=17.96;bio10=23.13;bio11=17.82;bio12=1343.0;bio13=249.0;bio14=18.0;bio15=75.65;bio16=674.0;bio17=71.0;bio18=617.0;bio19=87.0	predicted
SRR9289274	P2	C	Brazil	Chapeco, Santa Catarina	3	high	-27.0922	-52.6167	81.15	5.65	18.45	342.53	14.29	2034.0	10.01	608.0	-0.137010	-0.157646	0.077182	0.224562	bio1=18.45;bio2=11.46;bio3=56.57;bio4=342.53;bio5=28.36;bio6=8.11;bio7=20.25;bio8=18.62;bio9=20.77;bio10=22.5;bio11=14.29;bio12=2034.0;bio13=204.0;bio14=133.0;bio15=10.01;bio16=549.0;bio17=476.0;bio18=510.0;bio19=516.0	predicted
SRR9289276	P2	C	Brazil	Santa Rosa, Rio Grande do Sul	3	high	-27.8644	-54.4779	80.71	8.55	19.82	390.8	15.03	1824.0	9.56	318.0	-0.144235	-0.175169	0.087577	0.338842	bio1=19.82;bio2=11.75;bio3=53.4;bio4=390.8;bio5=30.72;bio6=8.72;bio7=22.01;bio8=17.08;bio9=15.95;bio10=24.52;bio11=15.03;bio12=1824.0;bio13=186.0;bio14=133.0;bio15=9.56;bio16=488.0;bio17=422.0;bio18=444.0;bio19=434.0	predicted
SRR9289277	P2	C	Brazil	Carazinho, Rio Grande do Sul	3	high	-28.2982	-52.7942	73.27	4.81	18.06	364.22	13.7	1756.0	10.76	561.0	-0.125169	-0.149810	0.066112	0.188281	bio1=18.06;bio2=11.09;bio3=54.82;bio4=364.22;bio5=28.16;bio6=7.94;bio7=20.22;bio8=16.09;bio9=18.12;bio10=22.39;bio11=13.7;bio12=1756.0;bio13=180.0;bio14=126.0;bio15=10.76;bio16=496.0;bio17=399.0;bio18=453.0;bio19=415.0	predicted
SRR9289278	P2	C	Brazil	Ponta Pora, Mato Grosso do Sul	3	high	-22.5287	-55.7234	93.88	6.58	21.78	271.29	18.25	1604.0	35.01	557.0	-0.140549	-0.168647	0.085634	0.319726	bio1=21.78;bio2=11.39;bio3=59.8;bio4=271.29;bio5=30.17;bio6=11.12;bio7=19.05;bio8=23.62;bio9=18.32;bio10=24.69;bio11=18.25;bio12=1604.0;bio13=189.0;bio14=43.0;bio15=35.01;bio16=544.0;bio17=202.0;bio18=495.0;bio19=277.0	predicted
SRR9289279	P2	C	Brazil	Sao Gabriel do Oeste, Mato Grosso do Sul	3	high	-19.3945	-54.5755	69.87	7.51	22.72	185.36	20.02	1492.0	59.51	653.0	-0.142411	-0.169116	0.081696	0.305957	bio1=22.72;bio2=12.05;bio3=66.38;bio4=185.36;bio5=30.55;bio6=12.4;bio7=18.15;bio8=24.06;bio9=20.21;bio10=24.33;bio11=20.02;bio12=1492.0;bio13=249.0;bio14=34.0;bio15=59.51;bio16=677.0;bio17=109.0;bio18=505.0;bio19=161.0	predicted
SRR9289280	P2	C	Brazil	Dourados, Mato Grosso do Sul	3	high	-22.2206	-54.8122	95.7	7.05	22.31	272.68	18.92	1468.0	37.46	398.0	-0.143434	-0.175652	0.085139	0.325494	bio1=22.31;bio2=11.36;bio3=59.21;bio4=272.68;bio5=30.85;bio6=11.66;bio7=19.19;bio8=23.86;bio9=18.92;bio10=25.21;bio11=18.92;bio12=1468.0;bio13=191.0;bio14=47.0;bio15=37.46;bio16=532.0;bio17=179.0;bio18=427.0;bio19=179.0	predicted
SRR9289281	P2	C	Brazil	Chapadao do Sul, Mato Grosso do Sul	3	high	-18.7949	-52.62	97.03	6.56	21.67	166.53	19.21	1569.0	68.34	795.0	-0.141767	-0.169232	0.084182	0.318752	bio1=21.67;bio2=12.39;bio3=68.24;bio4=166.53;bio5=29.18;bio6=11.02;bio7=18.16;bio8=22.85;bio9=19.45;bio10=23.04;bio11=19.21;bio12=1569.0;bio13=290.0;bio14=24.0;bio15=68.34;bio16=731.0;bio17=79.0;bio18=564.0;bio19=113.0	predicted
SRR9289282	P2	C	Brazil	Luis Eduardo Magalhaes, Bahia	3	high	-12.0869	-45.7834	95.58	6.61	23.74	86.63	22.8	1285.0	90.56	756.0	-0.143661	-0.176598	0.088891	0.332346	bio1=23.74;bio2=12.81;bio3=71.17;bio4=86.63;bio5=32.75;bio6=14.75;bio7=18.01;bio8=23.72;bio9=22.95;bio10=24.87;bio11=22.8;bio12=1285.0;bio13=267.0;bio14=3.0;bio15=90.56;bio16=699.0;bio17=9.0;bio18=313.0;bio19=31.0	predicted
SRR9289283	P2	C	Brazil	Uberlandia, Minas Gerais	3	high	-18.9188	-48.2768	71.91	7.28	21.89	148.21	19.6	1577.0	83.95	869.0	-0.140706	-0.169534	0.085234	0.320176	bio1=21.89;bio2=12.04;bio3=70.36;bio4=148.21;bio5=29.39;bio6=12.27;bio7=17.12;bio8=22.93;bio9=20.09;bio10=22.96;bio11=19.6;bio12=1577.0;bio13=313.0;bio14=12.0;bio15=83.95;bio16=819.0;bio17=37.0;bio18=664.0;bio19=51.0	predicted
SRR9289285	P2	C	Brazil	Frutal, Minas Gerais	3	high	-20.022	-48.928	74.34	5.39	23.3	192.5	20.42	1530.0	77.18	511.0	-0.135338	-0.156349	0.072154	0.228647	bio1=23.3;bio2=12.83;bio3=67.86;bio4=192.5;bio5=31.19;bio6=12.27;bio7=18.91;bio8=24.79;bio9=20.76;bio10=24.8;bio11=20.42;bio12=1530.0;bio13=283.0;bio14=15.0;bio15=77.18;bio16=773.0;bio17=62.0;bio18=572.0;bio19=89.0	predicted
SRR9289286	P2	C	Brazil	Lucas do Rio Verde, Mato Grosso	3	high	-13.0665	-55.9197	95.93	6.53	24.24	78.66	23.17	1985.0	83.89	402.0	-0.139703	-0.166091	0.080175	0.286099	bio1=24.24;bio2=14.02;bio3=74.33;bio4=78.66;bio5=32.52;bio6=13.67;bio7=18.86;bio8=24.67;bio9=23.17;bio10=24.93;bio11=23.17;bio12=1985.0;bio13=369.0;bio14=2.0;bio15=83.89;bio16=1007.0;bio17=32.0;bio18=820.0;bio19=32.0	predicted
SRR9289288	P2	C	Brazil	Campo Verde, Mato Grosso	3	high	-15.5431	-55.1591	96.2	7.81	22.49	151.74	20.3	1620.0	74.07	618.0	-0.147959	-0.180013	0.093987	0.374905	bio1=22.49;bio2=13.21;bio3=68.68;bio4=151.74;bio5=30.77;bio6=11.54;bio7=19.23;bio8=23.57;bio9=20.3;bio10=23.6;bio11=20.3;bio12=1620.0;bio13=270.0;bio14=10.0;bio15=74.07;bio16=760.0;bio17=42.0;bio18=617.0;bio19=42.0	predicted
SRR9289289	P2	C	Brazil	Pato Branco, Parana	3	high	-26.2296	-52.6712	96.31	7.06	17.32	333.16	13.25	1939.0	15.49	766.0	-0.141806	-0.173775	0.084831	0.328261	bio1=17.32;bio2=13.84;bio3=60.68;bio4=333.16;bio5=28.4;bio6=5.58;bio7=22.81;bio8=21.23;bio9=14.81;bio10=21.23;bio11=13.25;bio12=1939.0;bio13=202.0;bio14=126.0;bio15=15.49;bio16=550.0;bio17=426.0;bio18=550.0;bio19=430.0	predicted
SRR9289290	P2	C	Brazil	Ponta Grossa, Parana	3	high	-25.1392	-49.9922	70.64	4.61	17.04	290.94	13.49	1587.0	26.91	925.0	-0.130981	-0.150546	0.068367	0.185160	bio1=17.04;bio2=11.14;bio3=57.85;bio4=290.94;bio5=26.18;bio6=6.93;bio7=19.25;bio8=20.4;bio9=13.5;bio10=20.52;bio11=13.49;bio12=1587.0;bio13=201.0;bio14=86.0;bio15=26.91;bio16=544.0;bio17=304.0;bio18=522.0;bio19=322.0	predicted
SRR9289291	P2	C	Brazil	Campo Mourao, Parana	3	high	-24.0463	-52.378	96.26	6.95	19.18	275.4	15.72	1554.0	26.39	610.0	-0.143491	-0.173728	0.087305	0.331275	bio1=19.18;bio2=11.66;bio3=62.74;bio4=275.4;bio5=27.96;bio6=9.37;bio7=18.58;bio8=22.35;bio9=16.87;bio10=22.35;bio11=15.72;bio12=1554.0;bio13=187.0;bio14=80.0;bio15=26.39;bio16=513.0;bio17=286.0;bio18=513.0;bio19=330.0	predicted
SRR9289292	P2	C	Brazil	Palotina, Parana	3	high	-24.284	-53.8405	71.81	4.75	20.93	318.53	16.82	1534.0	26.01	300.0	-0.133390	-0.151325	0.066663	0.200552	bio1=20.93;bio2=12.85;bio3=60.61;bio4=318.53;bio5=30.91;bio6=9.7;bio7=21.2;bio8=24.4;bio9=18.05;bio10=24.4;bio11=16.82;bio12=1534.0;bio13=178.0;bio14=71.0;bio15=26.01;bio16=471.0;bio17=284.0;bio18=471.0;bio19=353.0	predicted
SRR9289294	P2	C	Brazil	Querencia, Mato Grosso	3	high	-12.5945	-52.2089	60.19	4.01	25.45	91.91	24.1	1649.0	80.69	346.0	-0.127337	-0.147792	0.063433	0.154765	bio1=25.45;bio2=14.26;bio3=69.89;bio4=91.91;bio5=34.91;bio6=14.51;bio7=20.4;bio8=25.76;bio9=24.22;bio10=26.3;bio11=24.1;bio12=1649.0;bio13=298.0;bio14=2.0;bio15=80.69;bio16=822.0;bio17=18.0;bio18=402.0;bio19=46.0	predicted
SRR9289295	P2	C	Brazil	Sapezal, Mato Grosso	3	high	-13.548	-58.8146	86.76	9.41	23.8	102.24	22.25	1996.0	73.98	551.0	-0.151168	-0.188770	0.095900	0.400805	bio1=23.8;bio2=14.04;bio3=68.6;bio4=102.24;bio5=32.78;bio6=12.3;bio7=20.47;bio8=24.23;bio9=22.47;bio10=24.74;bio11=22.25;bio12=1996.0;bio13=342.0;bio14=9.0;bio15=73.98;bio16=936.0;bio17=61.0;bio18=451.0;bio19=95.0	predicted
SRR9289296	P2	C	Brazil	Guarapuava, Parana	3	high	-25.3951	-51.4622	95.91	6.62	16.43	281.61	12.97	1690.0	19.08	1077.0	-0.146985	-0.176318	0.088248	0.334414	bio1=16.43;bio2=11.06;bio3=59.71;bio4=281.61;bio5=25.27;bio6=6.76;bio7=18.52;bio8=16.58;bio9=13.01;bio10=19.77;bio11=12.97;bio12=1690.0;bio13=179.0;bio14=100.0;bio15=19.08;bio16=489.0;bio17=349.0;bio18=481.0;bio19=356.0	predicted
SRR9289297	P2	C	Brazil	Rolandia, Parana	3	high	-23.312	-51.3674	87.7	9.41	19.78	264.27	16.23	1457.0	36.91	635.0	-0.148347	-0.188456	0.097727	0.406952	bio1=19.78;bio2=12.61;bio3=65.51;bio4=264.27;bio5=28.41;bio6=9.16;bio7=19.25;bio8=22.58;bio9=16.38;bio10=22.58;bio11=16.23;bio12=1457.0;bio13=189.0;bio14=52.0;bio15=36.91;bio16=536.0;bio17=202.0;bio18=536.0;bio19=252.0	predicted
SRR9656250	P5	C	China	Yunnan	2	medium	25.0	102.0	85.96	9.87	16.61	446.64	10.52	842.0	84.92	1798.0	-0.232850	0.350625	-0.334908	0.049327	bio1=16.61;bio2=11.35;bio3=47.57;bio4=446.64;bio5=26.46;bio6=2.61;bio7=23.86;bio8=21.14;bio9=10.52;bio10=21.15;bio11=10.52;bio12=842.0;bio13=170.0;bio14=11.0;bio15=84.92;bio16=470.0;bio17=37.0;bio18=380.0;bio19=37.0	predicted
SRR9656251	P5	C	China	Yunnan	2	medium	25.0	102.0	85.96	10.15	16.61	446.64	10.52	842.0	84.92	1798.0	-0.232778	0.350487	-0.334240	0.049148	bio1=16.61;bio2=11.35;bio3=47.57;bio4=446.64;bio5=26.46;bio6=2.61;bio7=23.86;bio8=21.14;bio9=10.52;bio10=21.15;bio11=10.52;bio12=842.0;bio13=170.0;bio14=11.0;bio15=84.92;bio16=470.0;bio17=37.0;bio18=380.0;bio19=37.0	predicted
SRR9656252	P5	C	China	Yunnan	2	medium	25.0	102.0	83.82	8.19	16.61	446.64	10.52	842.0	84.92	1798.0	-0.242757	0.379685	-0.398810	0.084843	bio1=16.61;bio2=11.35;bio3=47.57;bio4=446.64;bio5=26.46;bio6=2.61;bio7=23.86;bio8=21.14;bio9=10.52;bio10=21.15;bio11=10.52;bio12=842.0;bio13=170.0;bio14=11.0;bio15=84.92;bio16=470.0;bio17=37.0;bio18=380.0;bio19=37.0	predicted
SRR9656253	P5	C	China	Yunnan	2	medium	25.0	102.0	83.03	9.31	16.61	446.64	10.52	842.0	84.92	1798.0	-0.242649	0.377693	-0.396133	0.084119	bio1=16.61;bio2=11.35;bio3=47.57;bio4=446.64;bio5=26.46;bio6=2.61;bio7=23.86;bio8=21.14;bio9=10.52;bio10=21.15;bio11=10.52;bio12=842.0;bio13=170.0;bio14=11.0;bio15=84.92;bio16=470.0;bio17=37.0;bio18=380.0;bio19=37.0	predicted
SRR9656262	P5	C	China	Guangdong	2	medium	23.1358	113.1983	85.57	12.09	22.35	572.94	14.76	1696.0	65.63	7.0	-0.298439	0.774021	0.622988	-0.029712	bio1=22.35;bio2=7.35;bio3=32.28;bio4=572.94;bio5=32.64;bio6=9.87;bio7=22.77;bio8=27.6;bio9=16.44;bio10=28.58;bio11=14.76;bio12=1696.0;bio13=274.0;bio14=36.0;bio15=65.63;bio16=776.0;bio17=120.0;bio18=733.0;bio19=146.0	predicted
SRR9656263	P5	C	China	Guangdong	2	medium	23.1358	113.1983	85.77	12.25	22.35	572.94	14.76	1696.0	65.63	7.0	-0.298425	0.773497	0.621893	-0.028927	bio1=22.35;bio2=7.35;bio3=32.28;bio4=572.94;bio5=32.64;bio6=9.87;bio7=22.77;bio8=27.6;bio9=16.44;bio10=28.58;bio11=14.76;bio12=1696.0;bio13=274.0;bio14=36.0;bio15=65.63;bio16=776.0;bio17=120.0;bio18=733.0;bio19=146.0	predicted
SRR9656266	P5	C	China	Guangdong	2	medium	23.1358	113.1983	85.74	12.24	22.35	572.94	14.76	1696.0	65.63	7.0	-0.298175	0.773299	0.622317	-0.029254	bio1=22.35;bio2=7.35;bio3=32.28;bio4=572.94;bio5=32.64;bio6=9.87;bio7=22.77;bio8=27.6;bio9=16.44;bio10=28.58;bio11=14.76;bio12=1696.0;bio13=274.0;bio14=36.0;bio15=65.63;bio16=776.0;bio17=120.0;bio18=733.0;bio19=146.0	predicted
SRR9656269	P5	C	China	Guangdong	2	medium	23.1358	113.1983	89.19	15.44	22.35	572.94	14.76	1696.0	65.63	7.0	-0.274042	0.676242	0.464756	-0.031466	bio1=22.35;bio2=7.35;bio3=32.28;bio4=572.94;bio5=32.64;bio6=9.87;bio7=22.77;bio8=27.6;bio9=16.44;bio10=28.58;bio11=14.76;bio12=1696.0;bio13=274.0;bio14=36.0;bio15=65.63;bio16=776.0;bio17=120.0;bio18=733.0;bio19=146.0	predicted
SRR9656270	P5	C	China	Guangdong	2	medium	23.1358	113.1983	89.37	14.3	22.35	572.94	14.76	1696.0	65.63	7.0	-0.274255	0.673990	0.463356	-0.032179	bio1=22.35;bio2=7.35;bio3=32.28;bio4=572.94;bio5=32.64;bio6=9.87;bio7=22.77;bio8=27.6;bio9=16.44;bio10=28.58;bio11=14.76;bio12=1696.0;bio13=274.0;bio14=36.0;bio15=65.63;bio16=776.0;bio17=120.0;bio18=733.0;bio19=146.0	predicted
SRR9656292	P5	C	China	Guangdong	2	medium	23.1358	113.1983	89.22	15.14	22.35	572.94	14.76	1696.0	65.63	7.0	-0.274986	0.676699	0.469696	-0.034702	bio1=22.35;bio2=7.35;bio3=32.28;bio4=572.94;bio5=32.64;bio6=9.87;bio7=22.77;bio8=27.6;bio9=16.44;bio10=28.58;bio11=14.76;bio12=1696.0;bio13=274.0;bio14=36.0;bio15=65.63;bio16=776.0;bio17=120.0;bio18=733.0;bio19=146.0	predicted
SRR18431688	P6	R	USA	Jacksonville	2	high	30.3262	-81.6579	92.07	6.42	20.8	561.81	13.53	1290.0	37.26	11.0	0.431144	0.030880	0.005243	0.029023	bio1=20.8;bio2=9.99;bio3=39.62;bio4=561.81;bio5=32.51;bio6=7.29;bio7=25.23;bio8=27.12;bio9=14.8;bio10=27.27;bio11=13.53;bio12=1290.0;bio13=177.0;bio14=61.0;bio15=37.26;bio16=491.0;bio17=221.0;bio18=460.0;bio19=246.0	predicted
SRR18431694	P6	C	USA	Citra	2	high	29.4119	-82.1098	93.93	6.35	20.69	524.49	13.92	1299.0	42.51	27.0	-0.091851	-0.086110	0.009295	-0.077951	bio1=20.69;bio2=12.94;bio3=48.63;bio4=524.49;bio5=32.92;bio6=6.32;bio7=26.61;bio8=26.7;bio9=18.0;bio10=26.7;bio11=13.92;bio12=1299.0;bio13=180.0;bio14=60.0;bio15=42.51;bio16=528.0;bio17=190.0;bio18=528.0;bio19=246.0	predicted
SRR18431700	P6	C	USA	Citra	2	high	29.4119	-82.1098	81.16	5.38	20.69	524.49	13.92	1299.0	42.51	27.0	-0.097693	-0.082520	0.008250	-0.071042	bio1=20.69;bio2=12.94;bio3=48.63;bio4=524.49;bio5=32.92;bio6=6.32;bio7=26.61;bio8=26.7;bio9=18.0;bio10=26.7;bio11=13.92;bio12=1299.0;bio13=180.0;bio14=60.0;bio15=42.51;bio16=528.0;bio17=190.0;bio18=528.0;bio19=246.0	predicted
SRR18431703	P6	C	USA	Citra	2	high	29.4119	-82.1098	87.69	5.85	20.69	524.49	13.92	1299.0	42.51	27.0	-0.091534	-0.081809	0.007021	-0.074397	bio1=20.69;bio2=12.94;bio3=48.63;bio4=524.49;bio5=32.92;bio6=6.32;bio7=26.61;bio8=26.7;bio9=18.0;bio10=26.7;bio11=13.92;bio12=1299.0;bio13=180.0;bio14=60.0;bio15=42.51;bio16=528.0;bio17=190.0;bio18=528.0;bio19=246.0	predicted
SRR18431707	P6	R	USA	Jacksonville	2	high	30.3262	-81.6579	96.52	6.37	20.8	561.81	13.53	1290.0	37.26	11.0	0.433891	0.031599	0.004851	0.026415	bio1=20.8;bio2=9.99;bio3=39.62;bio4=561.81;bio5=32.51;bio6=7.29;bio7=25.23;bio8=27.12;bio9=14.8;bio10=27.27;bio11=13.53;bio12=1290.0;bio13=177.0;bio14=61.0;bio15=37.26;bio16=491.0;bio17=221.0;bio18=460.0;bio19=246.0	predicted
SRR18431708	P6	R	USA	Jacksonville	2	high	30.3262	-81.6579	96.64	10.45	20.8	561.81	13.53	1290.0	37.26	11.0	0.431501	0.032123	0.004789	0.031319	bio1=20.8;bio2=9.99;bio3=39.62;bio4=561.81;bio5=32.51;bio6=7.29;bio7=25.23;bio8=27.12;bio9=14.8;bio10=27.27;bio11=13.53;bio12=1290.0;bio13=177.0;bio14=61.0;bio15=37.26;bio16=491.0;bio17=221.0;bio18=460.0;bio19=246.0	predicted
SRR29141563	P1	C	USA	Pinal County, Arizona	2	high	32.8086	-111.4426	96.83	6.66	21.14	791.63	11.66	276.0	53.45	564.0	-0.115561	-0.117135	0.022898	-0.124529	bio1=21.14;bio2=16.7;bio3=45.43;bio4=791.63;bio5=40.07;bio6=3.3;bio7=36.77;bio8=30.66;bio9=24.16;bio10=30.73;bio11=11.66;bio12=276.0;bio13=45.0;bio14=3.0;bio15=53.45;bio16=106.0;bio17=16.0;bio18=83.0;bio19=81.0	known
SRR29141567	P1	C	USA	Pinal County, Arizona	2	high	32.8086	-111.4426	97.44	5.57	21.14	791.63	11.66	276.0	53.45	564.0	-0.119717	-0.117125	0.018156	-0.108211	bio1=21.14;bio2=16.7;bio3=45.43;bio4=791.63;bio5=40.07;bio6=3.3;bio7=36.77;bio8=30.66;bio9=24.16;bio10=30.73;bio11=11.66;bio12=276.0;bio13=45.0;bio14=3.0;bio15=53.45;bio16=106.0;bio17=16.0;bio18=83.0;bio19=81.0	known
SRR29141568	P1	C	USA	Pinal County, Arizona	2	high	32.8086	-111.4426	93.16	6.33	21.14	791.63	11.66	276.0	53.45	564.0	-0.065155	-0.100443	0.022837	-0.117723	bio1=21.14;bio2=16.7;bio3=45.43;bio4=791.63;bio5=40.07;bio6=3.3;bio7=36.77;bio8=30.66;bio9=24.16;bio10=30.73;bio11=11.66;bio12=276.0;bio13=45.0;bio14=3.0;bio15=53.45;bio16=106.0;bio17=16.0;bio18=83.0;bio19=81.0	known
SRR29141569	P1	C	USA	Pinal County, Arizona	2	high	32.8086	-111.4426	97.26	6.16	21.14	791.63	11.66	276.0	53.45	564.0	-0.112374	-0.116045	0.023957	-0.111699	bio1=21.14;bio2=16.7;bio3=45.43;bio4=791.63;bio5=40.07;bio6=3.3;bio7=36.77;bio8=30.66;bio9=24.16;bio10=30.73;bio11=11.66;bio12=276.0;bio13=45.0;bio14=3.0;bio15=53.45;bio16=106.0;bio17=16.0;bio18=83.0;bio19=81.0	known
SRR29141571	P1	C	USA	Pinal County, Arizona	2	high	32.8086	-111.4426	94.33	6.37	21.14	791.63	11.66	276.0	53.45	564.0	-0.114270	-0.117417	0.025360	-0.120539	bio1=21.14;bio2=16.7;bio3=45.43;bio4=791.63;bio5=40.07;bio6=3.3;bio7=36.77;bio8=30.66;bio9=24.16;bio10=30.73;bio11=11.66;bio12=276.0;bio13=45.0;bio14=3.0;bio15=53.45;bio16=106.0;bio17=16.0;bio18=83.0;bio19=81.0	known
SRR29141572	P1	C	USA	Pinal County, Arizona	2	high	32.8086	-111.4426	97.25	6.35	21.14	791.63	11.66	276.0	53.45	564.0	-0.116996	-0.111251	0.021114	-0.116788	bio1=21.14;bio2=16.7;bio3=45.43;bio4=791.63;bio5=40.07;bio6=3.3;bio7=36.77;bio8=30.66;bio9=24.16;bio10=30.73;bio11=11.66;bio12=276.0;bio13=45.0;bio14=3.0;bio15=53.45;bio16=106.0;bio17=16.0;bio18=83.0;bio19=81.0	known
SRR29141573	P1	C	USA	Pinal County, Arizona	2	high	32.8086	-111.4426	97.39	5.97	21.14	791.63	11.66	276.0	53.45	564.0	-0.117189	-0.114976	0.022002	-0.122734	bio1=21.14;bio2=16.7;bio3=45.43;bio4=791.63;bio5=40.07;bio6=3.3;bio7=36.77;bio8=30.66;bio9=24.16;bio10=30.73;bio11=11.66;bio12=276.0;bio13=45.0;bio14=3.0;bio15=53.45;bio16=106.0;bio17=16.0;bio18=83.0;bio19=81.0	known
SRR29141578	P1	C	Puerto Rico	Juana Diaz,	2	high	18.0638	-66.4889	98.54	6.82	24.39	130.94	22.72	1395.0	51.23	262.0	-0.130190	-0.109471	0.028406	-0.096892	bio1=24.39;bio2=11.1;bio3=75.72;bio4=130.94;bio5=31.25;bio6=16.59;bio7=14.66;bio8=25.58;bio9=22.72;bio10=25.83;bio11=22.72;bio12=1395.0;bio13=225.0;bio14=43.0;bio15=51.23;bio16=595.0;bio17=145.0;bio18=387.0;bio19=145.0	known
SRR29141586	P1	C	Puerto Rico	Juana Diaz,	2	high	18.0638	-66.4889	97.75	6.51	24.39	130.94	22.72	1395.0	51.23	262.0	-0.129698	-0.109060	0.022974	-0.109719	bio1=24.39;bio2=11.1;bio3=75.72;bio4=130.94;bio5=31.25;bio6=16.59;bio7=14.66;bio8=25.58;bio9=22.72;bio10=25.83;bio11=22.72;bio12=1395.0;bio13=225.0;bio14=43.0;bio15=51.23;bio16=595.0;bio17=145.0;bio18=387.0;bio19=145.0	known
SRR29141589	P1	C	Puerto Rico	Juana Diaz,	2	high	18.0638	-66.4889	97.98	5.98	24.39	130.94	22.72	1395.0	51.23	262.0	-0.132535	-0.113003	0.028830	-0.087152	bio1=24.39;bio2=11.1;bio3=75.72;bio4=130.94;bio5=31.25;bio6=16.59;bio7=14.66;bio8=25.58;bio9=22.72;bio10=25.83;bio11=22.72;bio12=1395.0;bio13=225.0;bio14=43.0;bio15=51.23;bio16=595.0;bio17=145.0;bio18=387.0;bio19=145.0	known
SRR29141590	P1	C	Puerto Rico	Juana Diaz,	2	high	18.0638	-66.4889	98.02	6.09	24.39	130.94	22.72	1395.0	51.23	262.0	-0.128670	-0.113888	0.029447	-0.101482	bio1=24.39;bio2=11.1;bio3=75.72;bio4=130.94;bio5=31.25;bio6=16.59;bio7=14.66;bio8=25.58;bio9=22.72;bio10=25.83;bio11=22.72;bio12=1395.0;bio13=225.0;bio14=43.0;bio15=51.23;bio16=595.0;bio17=145.0;bio18=387.0;bio19=145.0	known
SRR29141591	P1	R	USA	Tazewell County, Illinois	2	high	40.5126	-89.5442	96.47	6.15	10.72	1047.64	-2.94	941.0	27.64	188.0	0.437346	0.040080	0.001673	-0.004912	bio1=10.72;bio2=11.31;bio3=28.29;bio4=1047.64;bio5=30.21;bio6=-9.76;bio7=39.97;bio8=20.97;bio9=-2.94;bio10=23.06;bio11=-2.94;bio12=941.0;bio13=104.0;bio14=40.0;bio15=27.64;bio16=304.0;bio17=145.0;bio18=285.0;bio19=145.0	known
SRR29141593	P1	C	USA	Burke County, Georgia	2	high	33.0482	-81.9576	97.99	6.76	17.6	711.4	8.61	1162.0	19.73	83.0	-0.098218	-0.085127	0.009566	-0.100423	bio1=17.6;bio2=14.05;bio3=43.3;bio4=711.4;bio5=33.54;bio6=1.08;bio7=32.46;bio8=26.17;bio9=18.22;bio10=26.17;bio11=8.61;bio12=1162.0;bio13=128.0;bio14=65.0;bio15=19.73;bio16=353.0;bio17=219.0;bio18=353.0;bio19=301.0	known
SRR29141594	P1	C	USA	Burke County, Georgia	2	high	33.0482	-81.9576	98.26	6.88	17.6	711.4	8.61	1162.0	19.73	83.0	-0.093826	-0.080706	0.003862	-0.092898	bio1=17.6;bio2=14.05;bio3=43.3;bio4=711.4;bio5=33.54;bio6=1.08;bio7=32.46;bio8=26.17;bio9=18.22;bio10=26.17;bio11=8.61;bio12=1162.0;bio13=128.0;bio14=65.0;bio15=19.73;bio16=353.0;bio17=219.0;bio18=353.0;bio19=301.0	known
SRR29141596	P1	C	USA	Burke County, Georgia	2	high	33.0482	-81.9576	97.95	6.72	17.6	711.4	8.61	1162.0	19.73	83.0	-0.093781	-0.090559	0.011983	-0.085940	bio1=17.6;bio2=14.05;bio3=43.3;bio4=711.4;bio5=33.54;bio6=1.08;bio7=32.46;bio8=26.17;bio9=18.22;bio10=26.17;bio11=8.61;bio12=1162.0;bio13=128.0;bio14=65.0;bio15=19.73;bio16=353.0;bio17=219.0;bio18=353.0;bio19=301.0	known
SRR29141597	P1	C	USA	Burke County, Georgia	2	high	33.0482	-81.9576	98.15	6.68	17.6	711.4	8.61	1162.0	19.73	83.0	-0.096674	-0.083971	0.005490	-0.097480	bio1=17.6;bio2=14.05;bio3=43.3;bio4=711.4;bio5=33.54;bio6=1.08;bio7=32.46;bio8=26.17;bio9=18.22;bio10=26.17;bio11=8.61;bio12=1162.0;bio13=128.0;bio14=65.0;bio15=19.73;bio16=353.0;bio17=219.0;bio18=353.0;bio19=301.0	known
SRR29141600	P1	C	USA	Burke County, Georgia	2	high	33.0482	-81.9576	97.94	6.96	17.6	711.4	8.61	1162.0	19.73	83.0	-0.089383	-0.077821	0.001908	-0.094170	bio1=17.6;bio2=14.05;bio3=43.3;bio4=711.4;bio5=33.54;bio6=1.08;bio7=32.46;bio8=26.17;bio9=18.22;bio10=26.17;bio11=8.61;bio12=1162.0;bio13=128.0;bio14=65.0;bio15=19.73;bio16=353.0;bio17=219.0;bio18=353.0;bio19=301.0	known
SRR29141606	P1	C	USA	Burke County, Georgia	2	high	33.0482	-81.9576	98.15	6.89	17.6	711.4	8.61	1162.0	19.73	83.0	-0.085448	-0.072731	-0.003499	-0.096814	bio1=17.6;bio2=14.05;bio3=43.3;bio4=711.4;bio5=33.54;bio6=1.08;bio7=32.46;bio8=26.17;bio9=18.22;bio10=26.17;bio11=8.61;bio12=1162.0;bio13=128.0;bio14=65.0;bio15=19.73;bio16=353.0;bio17=219.0;bio18=353.0;bio19=301.0	known
SRR29141614	P1	R	USA	Burke County, Georgia	2	high	33.0482	-81.9576	95.38	6.73	17.6	711.4	8.61	1162.0	19.73	83.0	0.435109	0.034984	0.006406	-0.000391	bio1=17.6;bio2=14.05;bio3=43.3;bio4=711.4;bio5=33.54;bio6=1.08;bio7=32.46;bio8=26.17;bio9=18.22;bio10=26.17;bio11=8.61;bio12=1162.0;bio13=128.0;bio14=65.0;bio15=19.73;bio16=353.0;bio17=219.0;bio18=353.0;bio19=301.0	known
SRR29141616	P1	R	USA	Burke County, Georgia	2	high	33.0482	-81.9576	92.03	6.53	17.6	711.4	8.61	1162.0	19.73	83.0	0.436799	0.035418	-0.003361	-0.007801	bio1=17.6;bio2=14.05;bio3=43.3;bio4=711.4;bio5=33.54;bio6=1.08;bio7=32.46;bio8=26.17;bio9=18.22;bio10=26.17;bio11=8.61;bio12=1162.0;bio13=128.0;bio14=65.0;bio15=19.73;bio16=353.0;bio17=219.0;bio18=353.0;bio19=301.0	known
SRR29141617	P1	R	USA	Burke County, Georgia	2	high	33.0482	-81.9576	97.49	6.8	17.6	711.4	8.61	1162.0	19.73	83.0	0.435546	0.035520	0.001629	0.009582	bio1=17.6;bio2=14.05;bio3=43.3;bio4=711.4;bio5=33.54;bio6=1.08;bio7=32.46;bio8=26.17;bio9=18.22;bio10=26.17;bio11=8.61;bio12=1162.0;bio13=128.0;bio14=65.0;bio15=19.73;bio16=353.0;bio17=219.0;bio18=353.0;bio19=301.0	known
SRR29141625	P1	R	USA	Palm Beach County, Florida	2	high	26.628	-80.4494	78.34	5.35	23.35	359.35	18.74	1436.0	47.83	7.0	0.320452	0.012482	0.002851	0.001842	bio1=23.35;bio2=10.21;bio3=51.32;bio4=359.35;bio5=32.49;bio6=12.6;bio7=19.9;bio8=27.33;bio9=18.74;bio10=27.47;bio11=18.74;bio12=1436.0;bio13=201.0;bio14=47.0;bio15=47.83;bio16=551.0;bio17=171.0;bio18=548.0;bio19=171.0	known
SRR29141628	P1	R	USA	Palm Beach County, Florida	2	high	26.628	-80.4494	97.38	6.83	23.35	359.35	18.74	1436.0	47.83	7.0	0.435349	0.038956	0.004253	-0.007270	bio1=23.35;bio2=10.21;bio3=51.32;bio4=359.35;bio5=32.49;bio6=12.6;bio7=19.9;bio8=27.33;bio9=18.74;bio10=27.47;bio11=18.74;bio12=1436.0;bio13=201.0;bio14=47.0;bio15=47.83;bio16=551.0;bio17=171.0;bio18=548.0;bio19=171.0	known
SRR29141632	P1	R	USA	Palm Beach County, Florida	2	high	26.628	-80.4494	97.82	6.85	23.35	359.35	18.74	1436.0	47.83	7.0	0.382204	0.025561	0.001475	-0.003987	bio1=23.35;bio2=10.21;bio3=51.32;bio4=359.35;bio5=32.49;bio6=12.6;bio7=19.9;bio8=27.33;bio9=18.74;bio10=27.47;bio11=18.74;bio12=1436.0;bio13=201.0;bio14=47.0;bio15=47.83;bio16=551.0;bio17=171.0;bio18=548.0;bio19=171.0	known
SRR29141637	P1	C	USA	Kern County, California	2	high	35.3146	-118.7538	97.85	6.85	17.33	691.25	9.25	236.0	80.32	379.0	-0.112363	-0.112811	0.018974	-0.121360	bio1=17.33;bio2=15.12;bio3=44.59;bio4=691.25;bio5=35.69;bio6=1.77;bio7=33.92;bio8=10.74;bio9=25.94;bio10=25.94;bio11=9.25;bio12=236.0;bio13=48.0;bio14=1.0;bio15=80.32;bio16=125.0;bio17=6.0;bio18=6.0;bio19=105.0	known
SRR29141639	P1	C	USA	Yuma County, Arizona	2	high	32.7915	-113.8975	97.94	5.84	22.41	787.56	13.0	109.0	51.0	98.0	-0.115066	-0.111976	0.023310	-0.129403	bio1=22.41;bio2=17.7;bio3=46.34;bio4=787.56;bio5=41.75;bio6=3.54;bio7=38.21;bio8=32.04;bio9=25.39;bio10=32.08;bio11=13.0;bio12=109.0;bio13=18.0;bio14=1.0;bio15=51.0;bio16=42.0;bio17=5.0;bio18=25.0;bio19=33.0	known
SRR29141642	P1	C	USA	Yuma County, Arizona	2	high	32.7915	-113.8975	97.59	5.95	22.41	787.56	13.0	109.0	51.0	98.0	-0.116481	-0.110847	0.027029	-0.125125	bio1=22.41;bio2=17.7;bio3=46.34;bio4=787.56;bio5=41.75;bio6=3.54;bio7=38.21;bio8=32.04;bio9=25.39;bio10=32.08;bio11=13.0;bio12=109.0;bio13=18.0;bio14=1.0;bio15=51.0;bio16=42.0;bio17=5.0;bio18=25.0;bio19=33.0	known
SRR29141644	P1	C	USA	Yuma County, Arizona	2	high	32.7915	-113.8975	96.23	6.46	22.41	787.56	13.0	109.0	51.0	98.0	-0.120530	-0.111912	0.020871	-0.119046	bio1=22.41;bio2=17.7;bio3=46.34;bio4=787.56;bio5=41.75;bio6=3.54;bio7=38.21;bio8=32.04;bio9=25.39;bio10=32.08;bio11=13.0;bio12=109.0;bio13=18.0;bio14=1.0;bio15=51.0;bio16=42.0;bio17=5.0;bio18=25.0;bio19=33.0	known
SRR29141645	P1	C	USA	Yuma County, Arizona	2	high	32.7915	-113.8975	97.8	6.66	22.41	787.56	13.0	109.0	51.0	98.0	-0.118717	-0.116637	0.020607	-0.128272	bio1=22.41;bio2=17.7;bio3=46.34;bio4=787.56;bio5=41.75;bio6=3.54;bio7=38.21;bio8=32.04;bio9=25.39;bio10=32.08;bio11=13.0;bio12=109.0;bio13=18.0;bio14=1.0;bio15=51.0;bio16=42.0;bio17=5.0;bio18=25.0;bio19=33.0	known
SRR29141646	P1	C	USA	Yuma County, Arizona	2	high	32.7915	-113.8975	92.53	5.84	22.41	787.56	13.0	109.0	51.0	98.0	-0.120525	-0.114601	0.021287	-0.103010	bio1=22.41;bio2=17.7;bio3=46.34;bio4=787.56;bio5=41.75;bio6=3.54;bio7=38.21;bio8=32.04;bio9=25.39;bio10=32.08;bio11=13.0;bio12=109.0;bio13=18.0;bio14=1.0;bio15=51.0;bio16=42.0;bio17=5.0;bio18=25.0;bio19=33.0	known
SRR29141655	P1	R	USA	Pike County, Georgia	2	high	33.0815	-84.3969	97.64	5.85	16.6	720.49	7.48	1302.0	19.34	252.0	0.433628	0.040921	0.006413	-0.006565	bio1=16.6;bio2=13.22;bio3=41.52;bio4=720.49;bio5=32.13;bio6=0.28;bio7=31.85;bio8=8.99;bio9=17.27;bio10=25.28;bio11=7.48;bio12=1302.0;bio13=148.0;bio14=74.0;bio15=19.34;bio16=400.0;bio17=246.0;bio18=322.0;bio19=371.0	known
SRR29141656	P1	R	USA	Pike County, Georgia	2	high	33.0815	-84.3969	97.23	6.67	16.6	720.49	7.48	1302.0	19.34	252.0	0.434711	0.039069	0.000305	-0.003031	bio1=16.6;bio2=13.22;bio3=41.52;bio4=720.49;bio5=32.13;bio6=0.28;bio7=31.85;bio8=8.99;bio9=17.27;bio10=25.28;bio11=7.48;bio12=1302.0;bio13=148.0;bio14=74.0;bio15=19.34;bio16=400.0;bio17=246.0;bio18=322.0;bio19=371.0	known
SRR29141657	P1	R	USA	Pike County, Georgia	2	high	33.0815	-84.3969	91.69	5.74	16.6	720.49	7.48	1302.0	19.34	252.0	0.439510	0.038235	0.000952	-0.009107	bio1=16.6;bio2=13.22;bio3=41.52;bio4=720.49;bio5=32.13;bio6=0.28;bio7=31.85;bio8=8.99;bio9=17.27;bio10=25.28;bio11=7.48;bio12=1302.0;bio13=148.0;bio14=74.0;bio15=19.34;bio16=400.0;bio17=246.0;bio18=322.0;bio19=371.0	known
SRR29141659	P1	R	USA	Pike County, Georgia	2	high	33.0815	-84.3969	80.88	5.76	16.6	720.49	7.48	1302.0	19.34	252.0	0.434596	0.042457	-0.000262	-0.010977	bio1=16.6;bio2=13.22;bio3=41.52;bio4=720.49;bio5=32.13;bio6=0.28;bio7=31.85;bio8=8.99;bio9=17.27;bio10=25.28;bio11=7.48;bio12=1302.0;bio13=148.0;bio14=74.0;bio15=19.34;bio16=400.0;bio17=246.0;bio18=322.0;bio19=371.0	known
SRR29141661	P1	R	USA	Pike County, Georgia	2	high	33.0815	-84.3969	75.69	4.42	16.6	720.49	7.48	1302.0	19.34	252.0	0.434316	0.043362	-0.000196	-0.024028	bio1=16.6;bio2=13.22;bio3=41.52;bio4=720.49;bio5=32.13;bio6=0.28;bio7=31.85;bio8=8.99;bio9=17.27;bio10=25.28;bio11=7.48;bio12=1302.0;bio13=148.0;bio14=74.0;bio15=19.34;bio16=400.0;bio17=246.0;bio18=322.0;bio19=371.0	known
SRR29141674	P1	R	USA	Hidalgo County, Texas	2	high	26.353	-98.2164	96.78	6.58	23.14	560.01	15.65	594.0	52.85	46.0	0.438680	0.032198	0.006142	0.015053	bio1=23.14;bio2=12.59;bio3=44.99;bio4=560.01;bio5=36.33;bio6=8.33;bio7=27.99;bio8=27.26;bio9=17.25;bio10=29.43;bio11=15.65;bio12=594.0;bio13=106.0;bio14=16.0;bio15=52.85;bio16=226.0;bio17=82.0;bio18=176.0;bio19=95.0	known
SRR29141675	P1	C	USA	Hidalgo County, Texas	2	high	26.353	-98.2164	96.74	6.69	23.14	560.01	15.65	594.0	52.85	46.0	-0.068861	-0.098020	0.024220	-0.122735	bio1=23.14;bio2=12.59;bio3=44.99;bio4=560.01;bio5=36.33;bio6=8.33;bio7=27.99;bio8=27.26;bio9=17.25;bio10=29.43;bio11=15.65;bio12=594.0;bio13=106.0;bio14=16.0;bio15=52.85;bio16=226.0;bio17=82.0;bio18=176.0;bio19=95.0	known
SRR29141682	P1	R	USA	Hidalgo County, Texas	2	high	26.353	-98.2164	97.4	6.36	23.14	560.01	15.65	594.0	52.85	46.0	0.438743	0.036427	0.004851	0.012115	bio1=23.14;bio2=12.59;bio3=44.99;bio4=560.01;bio5=36.33;bio6=8.33;bio7=27.99;bio8=27.26;bio9=17.25;bio10=29.43;bio11=15.65;bio12=594.0;bio13=106.0;bio14=16.0;bio15=52.85;bio16=226.0;bio17=82.0;bio18=176.0;bio19=95.0	known
SRR29141684	P1	R	USA	Hidalgo County, Texas	2	high	26.353	-98.2164	97.92	6.34	23.14	560.01	15.65	594.0	52.85	46.0	0.441303	0.038278	0.005029	0.003550	bio1=23.14;bio2=12.59;bio3=44.99;bio4=560.01;bio5=36.33;bio6=8.33;bio7=27.99;bio8=27.26;bio9=17.25;bio10=29.43;bio11=15.65;bio12=594.0;bio13=106.0;bio14=16.0;bio15=52.85;bio16=226.0;bio17=82.0;bio18=176.0;bio19=95.0	known
SRR29141694	P1	C	Puerto Rico	Juana Diaz,	2	high	18.0638	-66.4889	98.05	6.42	24.39	130.94	22.72	1395.0	51.23	262.0	-0.135136	-0.123867	0.034300	-0.082711	bio1=24.39;bio2=11.1;bio3=75.72;bio4=130.94;bio5=31.25;bio6=16.59;bio7=14.66;bio8=25.58;bio9=22.72;bio10=25.83;bio11=22.72;bio12=1395.0;bio13=225.0;bio14=43.0;bio15=51.23;bio16=595.0;bio17=145.0;bio18=387.0;bio19=145.0	known
SRR29141699	P1	C	Puerto Rico	Juana Diaz,	2	high	18.0638	-66.4889	97.94	5.78	24.39	130.94	22.72	1395.0	51.23	262.0	-0.127986	-0.113434	0.029418	-0.097930	bio1=24.39;bio2=11.1;bio3=75.72;bio4=130.94;bio5=31.25;bio6=16.59;bio7=14.66;bio8=25.58;bio9=22.72;bio10=25.83;bio11=22.72;bio12=1395.0;bio13=225.0;bio14=43.0;bio15=51.23;bio16=595.0;bio17=145.0;bio18=387.0;bio19=145.0	known
SRR29141700	P1	R	USA	Tazewell County, Illinois	2	high	40.5126	-89.5442	82.42	5.26	10.72	1047.64	-2.94	941.0	27.64	188.0	0.433016	0.038173	0.003497	0.008216	bio1=10.72;bio2=11.31;bio3=28.29;bio4=1047.64;bio5=30.21;bio6=-9.76;bio7=39.97;bio8=20.97;bio9=-2.94;bio10=23.06;bio11=-2.94;bio12=941.0;bio13=104.0;bio14=40.0;bio15=27.64;bio16=304.0;bio17=145.0;bio18=285.0;bio19=145.0	known
SRR29141701	P1	R	USA	Tazewell County, Illinois	2	high	40.5126	-89.5442	97.18	5.67	10.72	1047.64	-2.94	941.0	27.64	188.0	0.442198	0.034113	0.006972	0.009881	bio1=10.72;bio2=11.31;bio3=28.29;bio4=1047.64;bio5=30.21;bio6=-9.76;bio7=39.97;bio8=20.97;bio9=-2.94;bio10=23.06;bio11=-2.94;bio12=941.0;bio13=104.0;bio14=40.0;bio15=27.64;bio16=304.0;bio17=145.0;bio18=285.0;bio19=145.0	known
SRR29141704	P1	R	USA	Tazewell County, Illinois	2	high	40.5126	-89.5442	96.95	6.37	10.72	1047.64	-2.94	941.0	27.64	188.0	0.433149	0.033410	0.001405	0.005986	bio1=10.72;bio2=11.31;bio3=28.29;bio4=1047.64;bio5=30.21;bio6=-9.76;bio7=39.97;bio8=20.97;bio9=-2.94;bio10=23.06;bio11=-2.94;bio12=941.0;bio13=104.0;bio14=40.0;bio15=27.64;bio16=304.0;bio17=145.0;bio18=285.0;bio19=145.0	known
SRR29141722	P1	R	USA	Burke County, Georgia	2	high	33.0482	-81.9576	97.77	6.75	17.6	711.4	8.61	1162.0	19.73	83.0	0.434249	0.036111	0.005787	0.000720	bio1=17.6;bio2=14.05;bio3=43.3;bio4=711.4;bio5=33.54;bio6=1.08;bio7=32.46;bio8=26.17;bio9=18.22;bio10=26.17;bio11=8.61;bio12=1162.0;bio13=128.0;bio14=65.0;bio15=19.73;bio16=353.0;bio17=219.0;bio18=353.0;bio19=301.0	known
SRR29141723	P1	R	USA	Burke County, Georgia	2	high	33.0482	-81.9576	97.69	7.02	17.6	711.4	8.61	1162.0	19.73	83.0	0.438549	0.037509	0.001289	0.002774	bio1=17.6;bio2=14.05;bio3=43.3;bio4=711.4;bio5=33.54;bio6=1.08;bio7=32.46;bio8=26.17;bio9=18.22;bio10=26.17;bio11=8.61;bio12=1162.0;bio13=128.0;bio14=65.0;bio15=19.73;bio16=353.0;bio17=219.0;bio18=353.0;bio19=301.0	known
SRR29141730	P1	R	USA	Burke County, Georgia	2	high	33.0482	-81.9576	95.05	6.73	17.6	711.4	8.61	1162.0	19.73	83.0	0.433551	0.038404	0.005937	0.003642	bio1=17.6;bio2=14.05;bio3=43.3;bio4=711.4;bio5=33.54;bio6=1.08;bio7=32.46;bio8=26.17;bio9=18.22;bio10=26.17;bio11=8.61;bio12=1162.0;bio13=128.0;bio14=65.0;bio15=19.73;bio16=353.0;bio17=219.0;bio18=353.0;bio19=301.0	known
SRR29141731	P1	C	USA	Kern County, California	2	high	35.3146	-118.7538	98.2	7.02	17.33	691.25	9.25	236.0	80.32	379.0	-0.118901	-0.122415	0.030424	-0.110118	bio1=17.33;bio2=15.12;bio3=44.59;bio4=691.25;bio5=35.69;bio6=1.77;bio7=33.92;bio8=10.74;bio9=25.94;bio10=25.94;bio11=9.25;bio12=236.0;bio13=48.0;bio14=1.0;bio15=80.32;bio16=125.0;bio17=6.0;bio18=6.0;bio19=105.0	known
SRR29141733	P1	C	USA	Miami-Dade County, Florida	2	high	25.6364	-80.4989	97.78	6.07	24.21	321.48	20.04	1470.0	60.61	8.0	0.150466	-0.017241	-0.002989	-0.062945	bio1=24.21;bio2=9.41;bio3=52.02;bio4=321.48;bio5=32.39;bio6=14.3;bio7=18.09;bio8=27.67;bio9=20.04;bio10=27.85;bio11=20.04;bio12=1470.0;bio13=247.0;bio14=37.0;bio15=60.61;bio16=617.0;bio17=142.0;bio18=581.0;bio19=142.0	known
SRR29141735	P1	C	USA	Miami-Dade County, Florida	2	high	25.6364	-80.4989	98.03	5.87	24.21	321.48	20.04	1470.0	60.61	8.0	-0.102936	-0.074268	0.005437	-0.094252	bio1=24.21;bio2=9.41;bio3=52.02;bio4=321.48;bio5=32.39;bio6=14.3;bio7=18.09;bio8=27.67;bio9=20.04;bio10=27.85;bio11=20.04;bio12=1470.0;bio13=247.0;bio14=37.0;bio15=60.61;bio16=617.0;bio17=142.0;bio18=581.0;bio19=142.0	known
SRR29141737	P1	R	USA	Miami-Dade County, Florida	2	high	25.6364	-80.4989	97.16	6.01	24.21	321.48	20.04	1470.0	60.61	8.0	0.437645	0.038825	0.002484	0.000674	bio1=24.21;bio2=9.41;bio3=52.02;bio4=321.48;bio5=32.39;bio6=14.3;bio7=18.09;bio8=27.67;bio9=20.04;bio10=27.85;bio11=20.04;bio12=1470.0;bio13=247.0;bio14=37.0;bio15=60.61;bio16=617.0;bio17=142.0;bio18=581.0;bio19=142.0	known
SRR29141739	P1	R	USA	Miami-Dade County, Florida	2	high	25.6364	-80.4989	97.62	6.83	24.21	321.48	20.04	1470.0	60.61	8.0	0.324178	0.009258	0.000428	0.010302	bio1=24.21;bio2=9.41;bio3=52.02;bio4=321.48;bio5=32.39;bio6=14.3;bio7=18.09;bio8=27.67;bio9=20.04;bio10=27.85;bio11=20.04;bio12=1470.0;bio13=247.0;bio14=37.0;bio15=60.61;bio16=617.0;bio17=142.0;bio18=581.0;bio19=142.0	known
SRR29141740	P1	R	USA	Miami-Dade County, Florida	2	high	25.6364	-80.4989	97.79	7.03	24.21	321.48	20.04	1470.0	60.61	8.0	0.379870	0.024621	0.001633	0.001016	bio1=24.21;bio2=9.41;bio3=52.02;bio4=321.48;bio5=32.39;bio6=14.3;bio7=18.09;bio8=27.67;bio9=20.04;bio10=27.85;bio11=20.04;bio12=1470.0;bio13=247.0;bio14=37.0;bio15=60.61;bio16=617.0;bio17=142.0;bio18=581.0;bio19=142.0	known
SRR29141741	P1	R	USA	Miami-Dade County, Florida	2	high	25.6364	-80.4989	97.52	6.72	24.21	321.48	20.04	1470.0	60.61	8.0	0.440711	0.037388	0.004819	0.006947	bio1=24.21;bio2=9.41;bio3=52.02;bio4=321.48;bio5=32.39;bio6=14.3;bio7=18.09;bio8=27.67;bio9=20.04;bio10=27.85;bio11=20.04;bio12=1470.0;bio13=247.0;bio14=37.0;bio15=60.61;bio16=617.0;bio17=142.0;bio18=581.0;bio19=142.0	known
SRR29141744	P1	C	USA	Miami-Dade County, Florida	2	high	25.6364	-80.4989	97.75	6.06	24.21	321.48	20.04	1470.0	60.61	8.0	-0.086473	-0.077807	-0.003829	-0.093832	bio1=24.21;bio2=9.41;bio3=52.02;bio4=321.48;bio5=32.39;bio6=14.3;bio7=18.09;bio8=27.67;bio9=20.04;bio10=27.85;bio11=20.04;bio12=1470.0;bio13=247.0;bio14=37.0;bio15=60.61;bio16=617.0;bio17=142.0;bio18=581.0;bio19=142.0	known
SRR29141746	P1	R	USA	Duval County, Florida	2	high	30.354	-81.6632	97.1	6.2	20.62	574.48	13.21	1301.0	37.14	9.0	0.437104	0.036516	0.005539	0.003076	bio1=20.62;bio2=9.42;bio3=37.48;bio4=574.48;bio5=32.18;bio6=7.06;bio7=25.12;bio8=27.1;bio9=14.47;bio10=27.26;bio11=13.21;bio12=1301.0;bio13=185.0;bio14=60.0;bio15=37.14;bio16=496.0;bio17=223.0;bio18=452.0;bio19=247.0	known
SRR29141747	P1	C	USA	Kern County, California	2	high	35.3146	-118.7538	97.81	6.75	17.33	691.25	9.25	236.0	80.32	379.0	-0.120364	-0.123647	0.031136	-0.107169	bio1=17.33;bio2=15.12;bio3=44.59;bio4=691.25;bio5=35.69;bio6=1.77;bio7=33.92;bio8=10.74;bio9=25.94;bio10=25.94;bio11=9.25;bio12=236.0;bio13=48.0;bio14=1.0;bio15=80.32;bio16=125.0;bio17=6.0;bio18=6.0;bio19=105.0	known
SRR29141748	P1	R	USA	Duval County, Florida	2	high	30.354	-81.6632	97.47	6.77	20.62	574.48	13.21	1301.0	37.14	9.0	0.439129	0.033668	0.002766	0.013944	bio1=20.62;bio2=9.42;bio3=37.48;bio4=574.48;bio5=32.18;bio6=7.06;bio7=25.12;bio8=27.1;bio9=14.47;bio10=27.26;bio11=13.21;bio12=1301.0;bio13=185.0;bio14=60.0;bio15=37.14;bio16=496.0;bio17=223.0;bio18=452.0;bio19=247.0	known
SRR29141750	P1	R	USA	Duval County, Florida	2	high	30.354	-81.6632	95.09	6.01	20.62	574.48	13.21	1301.0	37.14	9.0	0.435248	0.037670	0.005992	0.011201	bio1=20.62;bio2=9.42;bio3=37.48;bio4=574.48;bio5=32.18;bio6=7.06;bio7=25.12;bio8=27.1;bio9=14.47;bio10=27.26;bio11=13.21;bio12=1301.0;bio13=185.0;bio14=60.0;bio15=37.14;bio16=496.0;bio17=223.0;bio18=452.0;bio19=247.0	known
SRR29141752	P1	C	USA	Duval County, Florida	2	high	30.354	-81.6632	97.95	5.7	20.62	574.48	13.21	1301.0	37.14	9.0	-0.102485	-0.084262	0.007043	-0.094942	bio1=20.62;bio2=9.42;bio3=37.48;bio4=574.48;bio5=32.18;bio6=7.06;bio7=25.12;bio8=27.1;bio9=14.47;bio10=27.26;bio11=13.21;bio12=1301.0;bio13=185.0;bio14=60.0;bio15=37.14;bio16=496.0;bio17=223.0;bio18=452.0;bio19=247.0	known
SRR29141754	P1	R	USA	Duval County, Florida	2	high	30.354	-81.6632	95.44	6.66	20.62	574.48	13.21	1301.0	37.14	9.0	0.378986	0.021399	0.007751	0.004346	bio1=20.62;bio2=9.42;bio3=37.48;bio4=574.48;bio5=32.18;bio6=7.06;bio7=25.12;bio8=27.1;bio9=14.47;bio10=27.26;bio11=13.21;bio12=1301.0;bio13=185.0;bio14=60.0;bio15=37.14;bio16=496.0;bio17=223.0;bio18=452.0;bio19=247.0	known
SRR29141755	P1	R	USA	Duval County, Florida	2	high	30.354	-81.6632	97.4	6.25	20.62	574.48	13.21	1301.0	37.14	9.0	0.383233	0.026924	-0.001332	-0.003183	bio1=20.62;bio2=9.42;bio3=37.48;bio4=574.48;bio5=32.18;bio6=7.06;bio7=25.12;bio8=27.1;bio9=14.47;bio10=27.26;bio11=13.21;bio12=1301.0;bio13=185.0;bio14=60.0;bio15=37.14;bio16=496.0;bio17=223.0;bio18=452.0;bio19=247.0	known
SRR29141757	P1	R	USA	Larimer County, Colorado	2	high	40.681	-105.4727	97.8	6.47	6.21	766.84	-2.35	394.0	46.83	2178.0	0.432471	0.031522	0.001237	0.005215	bio1=6.21;bio2=15.17;bio3=42.66;bio4=766.84;bio5=26.07;bio6=-9.5;bio7=35.57;bio8=13.69;bio9=-2.35;bio10=16.2;bio11=-2.35;bio12=394.0;bio13=56.0;bio14=14.0;bio15=46.83;bio16=160.0;bio17=42.0;bio18=147.0;bio19=42.0	known
SRR29141759	P1	C	USA	Larimer County, Colorado	2	high	40.681	-105.4727	98.15	5.84	6.21	766.84	-2.35	394.0	46.83	2178.0	-0.117153	-0.110511	0.021528	-0.125167	bio1=6.21;bio2=15.17;bio3=42.66;bio4=766.84;bio5=26.07;bio6=-9.5;bio7=35.57;bio8=13.69;bio9=-2.35;bio10=16.2;bio11=-2.35;bio12=394.0;bio13=56.0;bio14=14.0;bio15=46.83;bio16=160.0;bio17=42.0;bio18=147.0;bio19=42.0	known
SRR29141760	P1	C	USA	Larimer County, Colorado	2	high	40.681	-105.4727	97.64	6.29	6.21	766.84	-2.35	394.0	46.83	2178.0	-0.116925	-0.109855	0.019140	-0.123849	bio1=6.21;bio2=15.17;bio3=42.66;bio4=766.84;bio5=26.07;bio6=-9.5;bio7=35.57;bio8=13.69;bio9=-2.35;bio10=16.2;bio11=-2.35;bio12=394.0;bio13=56.0;bio14=14.0;bio15=46.83;bio16=160.0;bio17=42.0;bio18=147.0;bio19=42.0	known
SRR29141764	P1	C	USA	Larimer County, Colorado	2	high	40.681	-105.4727	97.68	6.01	6.21	766.84	-2.35	394.0	46.83	2178.0	-0.119178	-0.117880	0.023512	-0.124783	bio1=6.21;bio2=15.17;bio3=42.66;bio4=766.84;bio5=26.07;bio6=-9.5;bio7=35.57;bio8=13.69;bio9=-2.35;bio10=16.2;bio11=-2.35;bio12=394.0;bio13=56.0;bio14=14.0;bio15=46.83;bio16=160.0;bio17=42.0;bio18=147.0;bio19=42.0	known
SRR29141765	P1	C	USA	Larimer County, Colorado	2	high	40.681	-105.4727	97.57	6.09	6.21	766.84	-2.35	394.0	46.83	2178.0	-0.115331	-0.116846	0.019542	-0.113839	bio1=6.21;bio2=15.17;bio3=42.66;bio4=766.84;bio5=26.07;bio6=-9.5;bio7=35.57;bio8=13.69;bio9=-2.35;bio10=16.2;bio11=-2.35;bio12=394.0;bio13=56.0;bio14=14.0;bio15=46.83;bio16=160.0;bio17=42.0;bio18=147.0;bio19=42.0	known
SRR29141766	P1	C	USA	Larimer County, Colorado	2	high	40.681	-105.4727	97.41	6.02	6.21	766.84	-2.35	394.0	46.83	2178.0	-0.116878	-0.112779	0.018743	-0.118176	bio1=6.21;bio2=15.17;bio3=42.66;bio4=766.84;bio5=26.07;bio6=-9.5;bio7=35.57;bio8=13.69;bio9=-2.35;bio10=16.2;bio11=-2.35;bio12=394.0;bio13=56.0;bio14=14.0;bio15=46.83;bio16=160.0;bio17=42.0;bio18=147.0;bio19=42.0	known
SRR29141767	P1	C	USA	Larimer County, Colorado	2	high	40.681	-105.4727	97.56	6.8	6.21	766.84	-2.35	394.0	46.83	2178.0	-0.103399	-0.112762	0.022001	-0.117304	bio1=6.21;bio2=15.17;bio3=42.66;bio4=766.84;bio5=26.07;bio6=-9.5;bio7=35.57;bio8=13.69;bio9=-2.35;bio10=16.2;bio11=-2.35;bio12=394.0;bio13=56.0;bio14=14.0;bio15=46.83;bio16=160.0;bio17=42.0;bio18=147.0;bio19=42.0	known
SRR29141768	P1	C	USA	Larimer County, Colorado	2	high	40.681	-105.4727	97.59	6.67	6.21	766.84	-2.35	394.0	46.83	2178.0	-0.116297	-0.116879	0.022166	-0.108134	bio1=6.21;bio2=15.17;bio3=42.66;bio4=766.84;bio5=26.07;bio6=-9.5;bio7=35.57;bio8=13.69;bio9=-2.35;bio10=16.2;bio11=-2.35;bio12=394.0;bio13=56.0;bio14=14.0;bio15=46.83;bio16=160.0;bio17=42.0;bio18=147.0;bio19=42.0	known
SRR29141773	P1	C	USA	Larimer County, Colorado	2	high	40.681	-105.4727	97.38	6.55	6.21	766.84	-2.35	394.0	46.83	2178.0	-0.115854	-0.109796	0.020694	-0.115191	bio1=6.21;bio2=15.17;bio3=42.66;bio4=766.84;bio5=26.07;bio6=-9.5;bio7=35.57;bio8=13.69;bio9=-2.35;bio10=16.2;bio11=-2.35;bio12=394.0;bio13=56.0;bio14=14.0;bio15=46.83;bio16=160.0;bio17=42.0;bio18=147.0;bio19=42.0	known
SRR29141775	P1	R	USA	Centre County, Pennsylvania	2	high	40.9382	-77.7866	97.11	6.73	9.37	925.8	-2.33	1020.0	16.2	348.0	0.436779	0.035390	0.005551	0.013631	bio1=9.37;bio2=11.6;bio3=31.96;bio4=925.8;bio5=27.99;bio6=-8.29;bio7=36.29;bio8=18.46;bio9=-2.33;bio10=20.53;bio11=-2.33;bio12=1020.0;bio13=112.0;bio14=64.0;bio15=16.2;bio16=310.0;bio17=205.0;bio18=301.0;bio19=205.0	known
SRR29141777	P1	R	USA	Centre County, Pennsylvania	2	high	40.9382	-77.7866	97.3	6.6	9.37	925.8	-2.33	1020.0	16.2	348.0	0.439374	0.034592	0.003229	0.014329	bio1=9.37;bio2=11.6;bio3=31.96;bio4=925.8;bio5=27.99;bio6=-8.29;bio7=36.29;bio8=18.46;bio9=-2.33;bio10=20.53;bio11=-2.33;bio12=1020.0;bio13=112.0;bio14=64.0;bio15=16.2;bio16=310.0;bio17=205.0;bio18=301.0;bio19=205.0	known
SRR29141778	P1	R	USA	Centre County, Pennsylvania	2	high	40.9382	-77.7866	97.3	6.5	9.37	925.8	-2.33	1020.0	16.2	348.0	0.439071	0.034708	0.008356	0.017812	bio1=9.37;bio2=11.6;bio3=31.96;bio4=925.8;bio5=27.99;bio6=-8.29;bio7=36.29;bio8=18.46;bio9=-2.33;bio10=20.53;bio11=-2.33;bio12=1020.0;bio13=112.0;bio14=64.0;bio15=16.2;bio16=310.0;bio17=205.0;bio18=301.0;bio19=205.0	known
SRR29141779	P1	C	USA	Centre County, Pennsylvania	2	high	40.9382	-77.7866	97.65	6.68	9.37	925.8	-2.33	1020.0	16.2	348.0	-0.111364	-0.117313	0.023414	-0.111887	bio1=9.37;bio2=11.6;bio3=31.96;bio4=925.8;bio5=27.99;bio6=-8.29;bio7=36.29;bio8=18.46;bio9=-2.33;bio10=20.53;bio11=-2.33;bio12=1020.0;bio13=112.0;bio14=64.0;bio15=16.2;bio16=310.0;bio17=205.0;bio18=301.0;bio19=205.0	known
SRR29141780	P1	R	USA	Centre County, Pennsylvania	2	high	40.9382	-77.7866	97.53	6.15	9.37	925.8	-2.33	1020.0	16.2	348.0	0.425246	0.034391	0.004565	0.005490	bio1=9.37;bio2=11.6;bio3=31.96;bio4=925.8;bio5=27.99;bio6=-8.29;bio7=36.29;bio8=18.46;bio9=-2.33;bio10=20.53;bio11=-2.33;bio12=1020.0;bio13=112.0;bio14=64.0;bio15=16.2;bio16=310.0;bio17=205.0;bio18=301.0;bio19=205.0	known
SRR29141781	P1	R	USA	Centre County, Pennsylvania	2	high	40.9382	-77.7866	96.81	5.9	9.37	925.8	-2.33	1020.0	16.2	348.0	0.436671	0.032994	0.006981	0.011672	bio1=9.37;bio2=11.6;bio3=31.96;bio4=925.8;bio5=27.99;bio6=-8.29;bio7=36.29;bio8=18.46;bio9=-2.33;bio10=20.53;bio11=-2.33;bio12=1020.0;bio13=112.0;bio14=64.0;bio15=16.2;bio16=310.0;bio17=205.0;bio18=301.0;bio19=205.0	known
SRR29141783	P1	C	USA	Centre County, Pennsylvania	2	high	40.9382	-77.7866	97.79	6.63	9.37	925.8	-2.33	1020.0	16.2	348.0	-0.115977	-0.112544	0.021065	-0.106323	bio1=9.37;bio2=11.6;bio3=31.96;bio4=925.8;bio5=27.99;bio6=-8.29;bio7=36.29;bio8=18.46;bio9=-2.33;bio10=20.53;bio11=-2.33;bio12=1020.0;bio13=112.0;bio14=64.0;bio15=16.2;bio16=310.0;bio17=205.0;bio18=301.0;bio19=205.0	known
SRR29141786	P1	R	USA	Centre County, Pennsylvania	2	high	40.9382	-77.7866	97.26	5.97	9.37	925.8	-2.33	1020.0	16.2	348.0	0.436468	0.035948	0.002915	0.012330	bio1=9.37;bio2=11.6;bio3=31.96;bio4=925.8;bio5=27.99;bio6=-8.29;bio7=36.29;bio8=18.46;bio9=-2.33;bio10=20.53;bio11=-2.33;bio12=1020.0;bio13=112.0;bio14=64.0;bio15=16.2;bio16=310.0;bio17=205.0;bio18=301.0;bio19=205.0	known
SRR29141787	P1	R	USA	Centre County, Pennsylvania	2	high	40.9382	-77.7866	97.31	6.13	9.37	925.8	-2.33	1020.0	16.2	348.0	0.423206	0.029647	0.004808	0.017484	bio1=9.37;bio2=11.6;bio3=31.96;bio4=925.8;bio5=27.99;bio6=-8.29;bio7=36.29;bio8=18.46;bio9=-2.33;bio10=20.53;bio11=-2.33;bio12=1020.0;bio13=112.0;bio14=64.0;bio15=16.2;bio16=310.0;bio17=205.0;bio18=301.0;bio19=205.0	known
SRR29141788	P1	R	USA	Centre County, Pennsylvania	2	high	40.9382	-77.7866	97.44	6.33	9.37	925.8	-2.33	1020.0	16.2	348.0	0.439297	0.036604	-0.000067	0.015465	bio1=9.37;bio2=11.6;bio3=31.96;bio4=925.8;bio5=27.99;bio6=-8.29;bio7=36.29;bio8=18.46;bio9=-2.33;bio10=20.53;bio11=-2.33;bio12=1020.0;bio13=112.0;bio14=64.0;bio15=16.2;bio16=310.0;bio17=205.0;bio18=301.0;bio19=205.0	known
SRR29141789	P1	R	USA	Centre County, Pennsylvania	2	high	40.9382	-77.7866	93.28	6.82	9.37	925.8	-2.33	1020.0	16.2	348.0	0.436648	0.039881	0.002281	0.001067	bio1=9.37;bio2=11.6;bio3=31.96;bio4=925.8;bio5=27.99;bio6=-8.29;bio7=36.29;bio8=18.46;bio9=-2.33;bio10=20.53;bio11=-2.33;bio12=1020.0;bio13=112.0;bio14=64.0;bio15=16.2;bio16=310.0;bio17=205.0;bio18=301.0;bio19=205.0	known
SRR29141792	P1	R	USA	Centre County, Pennsylvania	2	high	40.9382	-77.7866	97.36	6.74	9.37	925.8	-2.33	1020.0	16.2	348.0	0.436646	0.036020	0.000650	0.002843	bio1=9.37;bio2=11.6;bio3=31.96;bio4=925.8;bio5=27.99;bio6=-8.29;bio7=36.29;bio8=18.46;bio9=-2.33;bio10=20.53;bio11=-2.33;bio12=1020.0;bio13=112.0;bio14=64.0;bio15=16.2;bio16=310.0;bio17=205.0;bio18=301.0;bio19=205.0	known
SRR29141794	P1	C	USA	Pinal County, Arizona	2	high	32.8086	-111.4426	96.94	5.66	21.14	791.63	11.66	276.0	53.45	564.0	-0.113776	-0.118710	0.028756	-0.125211	bio1=21.14;bio2=16.7;bio3=45.43;bio4=791.63;bio5=40.07;bio6=3.3;bio7=36.77;bio8=30.66;bio9=24.16;bio10=30.73;bio11=11.66;bio12=276.0;bio13=45.0;bio14=3.0;bio15=53.45;bio16=106.0;bio17=16.0;bio18=83.0;bio19=81.0	known
SRR29141799	P1	C	USA	Pinal County, Arizona	2	high	32.8086	-111.4426	97.46	6.05	21.14	791.63	11.66	276.0	53.45	564.0	-0.117739	-0.116440	0.022407	-0.122494	bio1=21.14;bio2=16.7;bio3=45.43;bio4=791.63;bio5=40.07;bio6=3.3;bio7=36.77;bio8=30.66;bio9=24.16;bio10=30.73;bio11=11.66;bio12=276.0;bio13=45.0;bio14=3.0;bio15=53.45;bio16=106.0;bio17=16.0;bio18=83.0;bio19=81.0	known
SRR29141800	P1	C	USA	Pinal County, Arizona	2	high	32.8086	-111.4426	97.24	5.44	21.14	791.63	11.66	276.0	53.45	564.0	-0.119305	-0.110398	0.022600	-0.125740	bio1=21.14;bio2=16.7;bio3=45.43;bio4=791.63;bio5=40.07;bio6=3.3;bio7=36.77;bio8=30.66;bio9=24.16;bio10=30.73;bio11=11.66;bio12=276.0;bio13=45.0;bio14=3.0;bio15=53.45;bio16=106.0;bio17=16.0;bio18=83.0;bio19=81.0	known
SRR29141801	P1	C	USA	Pinal County, Arizona	2	high	32.8086	-111.4426	97.48	6.71	21.14	791.63	11.66	276.0	53.45	564.0	-0.115995	-0.122562	0.020609	-0.119793	bio1=21.14;bio2=16.7;bio3=45.43;bio4=791.63;bio5=40.07;bio6=3.3;bio7=36.77;bio8=30.66;bio9=24.16;bio10=30.73;bio11=11.66;bio12=276.0;bio13=45.0;bio14=3.0;bio15=53.45;bio16=106.0;bio17=16.0;bio18=83.0;bio19=81.0	known
SRR29141802	P1	C	USA	Lubbock County, Texas	2	high	33.5831	-101.8186	97.75	6.31	15.65	832.5	5.24	495.0	57.61	966.0	-0.086419	-0.098985	0.015831	-0.109595	bio1=15.65;bio2=15.25;bio3=41.0;bio4=832.5;bio5=33.63;bio6=-3.57;bio7=37.2;bio8=24.13;bio9=5.24;bio10=25.77;bio11=5.24;bio12=495.0;bio13=74.0;bio14=11.0;bio15=57.61;bio16=200.0;bio17=43.0;bio18=199.0;bio19=43.0	known
SRR29141803	P1	C	USA	Lubbock County, Texas	2	high	33.5831	-101.8186	97.89	6.38	15.65	832.5	5.24	495.0	57.61	966.0	-0.115349	-0.115835	0.025532	-0.125597	bio1=15.65;bio2=15.25;bio3=41.0;bio4=832.5;bio5=33.63;bio6=-3.57;bio7=37.2;bio8=24.13;bio9=5.24;bio10=25.77;bio11=5.24;bio12=495.0;bio13=74.0;bio14=11.0;bio15=57.61;bio16=200.0;bio17=43.0;bio18=199.0;bio19=43.0	known
SRR29141813	P1	C	USA	Lubbock County, Texas	2	high	33.5831	-101.8186	97.43	6.62	15.65	832.5	5.24	495.0	57.61	966.0	-0.116794	-0.113801	0.017296	-0.106158	bio1=15.65;bio2=15.25;bio3=41.0;bio4=832.5;bio5=33.63;bio6=-3.57;bio7=37.2;bio8=24.13;bio9=5.24;bio10=25.77;bio11=5.24;bio12=495.0;bio13=74.0;bio14=11.0;bio15=57.61;bio16=200.0;bio17=43.0;bio18=199.0;bio19=43.0	known
SRR29141814	P1	C	USA	Lubbock County, Texas	2	high	33.5831	-101.8186	97.84	6.85	15.65	832.5	5.24	495.0	57.61	966.0	-0.105941	-0.110667	0.016891	-0.112878	bio1=15.65;bio2=15.25;bio3=41.0;bio4=832.5;bio5=33.63;bio6=-3.57;bio7=37.2;bio8=24.13;bio9=5.24;bio10=25.77;bio11=5.24;bio12=495.0;bio13=74.0;bio14=11.0;bio15=57.61;bio16=200.0;bio17=43.0;bio18=199.0;bio19=43.0	known
SRR29141815	P1	C	USA	Lubbock County, Texas	2	high	33.5831	-101.8186	97.92	6.94	15.65	832.5	5.24	495.0	57.61	966.0	-0.117860	-0.107868	0.022967	-0.131724	bio1=15.65;bio2=15.25;bio3=41.0;bio4=832.5;bio5=33.63;bio6=-3.57;bio7=37.2;bio8=24.13;bio9=5.24;bio10=25.77;bio11=5.24;bio12=495.0;bio13=74.0;bio14=11.0;bio15=57.61;bio16=200.0;bio17=43.0;bio18=199.0;bio19=43.0	known
SRR29141816	P1	R	USA	Lubbock County, Texas	2	high	33.5831	-101.8186	97.7	6.68	15.65	832.5	5.24	495.0	57.61	966.0	0.436903	0.039311	0.007480	-0.002559	bio1=15.65;bio2=15.25;bio3=41.0;bio4=832.5;bio5=33.63;bio6=-3.57;bio7=37.2;bio8=24.13;bio9=5.24;bio10=25.77;bio11=5.24;bio12=495.0;bio13=74.0;bio14=11.0;bio15=57.61;bio16=200.0;bio17=43.0;bio18=199.0;bio19=43.0	known
SRR29141817	P1	R	USA	Lubbock County, Texas	2	high	33.5831	-101.8186	97.7	6.87	15.65	832.5	5.24	495.0	57.61	966.0	0.439548	0.039511	0.000978	0.009071	bio1=15.65;bio2=15.25;bio3=41.0;bio4=832.5;bio5=33.63;bio6=-3.57;bio7=37.2;bio8=24.13;bio9=5.24;bio10=25.77;bio11=5.24;bio12=495.0;bio13=74.0;bio14=11.0;bio15=57.61;bio16=200.0;bio17=43.0;bio18=199.0;bio19=43.0	known
SRR29141818	P1	C	USA	Lubbock County, Texas	2	high	33.5831	-101.8186	97.72	6.35	15.65	832.5	5.24	495.0	57.61	966.0	-0.116583	-0.114447	0.023511	-0.123641	bio1=15.65;bio2=15.25;bio3=41.0;bio4=832.5;bio5=33.63;bio6=-3.57;bio7=37.2;bio8=24.13;bio9=5.24;bio10=25.77;bio11=5.24;bio12=495.0;bio13=74.0;bio14=11.0;bio15=57.61;bio16=200.0;bio17=43.0;bio18=199.0;bio19=43.0	known
SRR29141821	P1	R	USA	Lubbock County, Texas	2	high	33.5831	-101.8186	97.36	5.96	15.65	832.5	5.24	495.0	57.61	966.0	0.440005	0.039991	-0.003205	0.005052	bio1=15.65;bio2=15.25;bio3=41.0;bio4=832.5;bio5=33.63;bio6=-3.57;bio7=37.2;bio8=24.13;bio9=5.24;bio10=25.77;bio11=5.24;bio12=495.0;bio13=74.0;bio14=11.0;bio15=57.61;bio16=200.0;bio17=43.0;bio18=199.0;bio19=43.0	known
SRR29141822	P1	R	USA	Lubbock County, Texas	2	high	33.5831	-101.8186	97.33	6.43	15.65	832.5	5.24	495.0	57.61	966.0	0.440209	0.042825	-0.001825	-0.017239	bio1=15.65;bio2=15.25;bio3=41.0;bio4=832.5;bio5=33.63;bio6=-3.57;bio7=37.2;bio8=24.13;bio9=5.24;bio10=25.77;bio11=5.24;bio12=495.0;bio13=74.0;bio14=11.0;bio15=57.61;bio16=200.0;bio17=43.0;bio18=199.0;bio19=43.0	known
SRR29141823	P1	R	USA	Lubbock County, Texas	2	high	33.5831	-101.8186	96.71	6.83	15.65	832.5	5.24	495.0	57.61	966.0	0.434581	0.037246	0.002926	0.005397	bio1=15.65;bio2=15.25;bio3=41.0;bio4=832.5;bio5=33.63;bio6=-3.57;bio7=37.2;bio8=24.13;bio9=5.24;bio10=25.77;bio11=5.24;bio12=495.0;bio13=74.0;bio14=11.0;bio15=57.61;bio16=200.0;bio17=43.0;bio18=199.0;bio19=43.0	known
SRR29141824	P1	C	USA	Lubbock County, Texas	2	high	33.5831	-101.8186	97.84	6.27	15.65	832.5	5.24	495.0	57.61	966.0	-0.108423	-0.108342	0.014753	-0.132227	bio1=15.65;bio2=15.25;bio3=41.0;bio4=832.5;bio5=33.63;bio6=-3.57;bio7=37.2;bio8=24.13;bio9=5.24;bio10=25.77;bio11=5.24;bio12=495.0;bio13=74.0;bio14=11.0;bio15=57.61;bio16=200.0;bio17=43.0;bio18=199.0;bio19=43.0	known
SRR29141828	P1	R	USA	Duval County, Florida	2	high	30.354	-81.6632	97.67	6.06	20.62	574.48	13.21	1301.0	37.14	9.0	0.441643	0.038248	0.002729	0.007122	bio1=20.62;bio2=9.42;bio3=37.48;bio4=574.48;bio5=32.18;bio6=7.06;bio7=25.12;bio8=27.1;bio9=14.47;bio10=27.26;bio11=13.21;bio12=1301.0;bio13=185.0;bio14=60.0;bio15=37.14;bio16=496.0;bio17=223.0;bio18=452.0;bio19=247.0	known
SRR29141830	P1	C	USA	Larimer County, Colorado	2	high	40.681	-105.4727	97.38	6.41	6.21	766.84	-2.35	394.0	46.83	2178.0	-0.113288	-0.116937	0.027913	-0.110922	bio1=6.21;bio2=15.17;bio3=42.66;bio4=766.84;bio5=26.07;bio6=-9.5;bio7=35.57;bio8=13.69;bio9=-2.35;bio10=16.2;bio11=-2.35;bio12=394.0;bio13=56.0;bio14=14.0;bio15=46.83;bio16=160.0;bio17=42.0;bio18=147.0;bio19=42.0	known
SRR29141831	P1	R	USA	Larimer County, Colorado	2	high	40.681	-105.4727	97.16	6.44	6.21	766.84	-2.35	394.0	46.83	2178.0	0.439322	0.035288	0.009855	0.017677	bio1=6.21;bio2=15.17;bio3=42.66;bio4=766.84;bio5=26.07;bio6=-9.5;bio7=35.57;bio8=13.69;bio9=-2.35;bio10=16.2;bio11=-2.35;bio12=394.0;bio13=56.0;bio14=14.0;bio15=46.83;bio16=160.0;bio17=42.0;bio18=147.0;bio19=42.0	known
SRR29141832	P1	C	USA	Larimer County, Colorado	2	high	40.681	-105.4727	97.55	6.05	6.21	766.84	-2.35	394.0	46.83	2178.0	-0.110039	-0.111542	0.020671	-0.107785	bio1=6.21;bio2=15.17;bio3=42.66;bio4=766.84;bio5=26.07;bio6=-9.5;bio7=35.57;bio8=13.69;bio9=-2.35;bio10=16.2;bio11=-2.35;bio12=394.0;bio13=56.0;bio14=14.0;bio15=46.83;bio16=160.0;bio17=42.0;bio18=147.0;bio19=42.0	known
SRR29141834	P1	R	USA	Palm Beach County, Florida	2	high	26.628	-80.4494	97.34	6.66	23.35	359.35	18.74	1436.0	47.83	7.0	0.430032	0.034966	0.001626	0.017261	bio1=23.35;bio2=10.21;bio3=51.32;bio4=359.35;bio5=32.49;bio6=12.6;bio7=19.9;bio8=27.33;bio9=18.74;bio10=27.47;bio11=18.74;bio12=1436.0;bio13=201.0;bio14=47.0;bio15=47.83;bio16=551.0;bio17=171.0;bio18=548.0;bio19=171.0	known
SRR29141839	P1	C	USA	Palm Beach County, Florida	2	high	26.628	-80.4494	97.8	6.64	23.35	359.35	18.74	1436.0	47.83	7.0	-0.098918	-0.078034	0.001302	-0.090675	bio1=23.35;bio2=10.21;bio3=51.32;bio4=359.35;bio5=32.49;bio6=12.6;bio7=19.9;bio8=27.33;bio9=18.74;bio10=27.47;bio11=18.74;bio12=1436.0;bio13=201.0;bio14=47.0;bio15=47.83;bio16=551.0;bio17=171.0;bio18=548.0;bio19=171.0	known
SRR29141846	P1	R	USA	Palm Beach County, Florida	2	high	26.628	-80.4494	97.54	6.87	23.35	359.35	18.74	1436.0	47.83	7.0	0.441729	0.038839	0.001882	0.008278	bio1=23.35;bio2=10.21;bio3=51.32;bio4=359.35;bio5=32.49;bio6=12.6;bio7=19.9;bio8=27.33;bio9=18.74;bio10=27.47;bio11=18.74;bio12=1436.0;bio13=201.0;bio14=47.0;bio15=47.83;bio16=551.0;bio17=171.0;bio18=548.0;bio19=171.0	known
SRR29141849	P1	R	USA	Palm Beach County, Florida	2	high	26.628	-80.4494	95.55	6.56	23.35	359.35	18.74	1436.0	47.83	7.0	0.438440	0.037149	0.006887	0.006638	bio1=23.35;bio2=10.21;bio3=51.32;bio4=359.35;bio5=32.49;bio6=12.6;bio7=19.9;bio8=27.33;bio9=18.74;bio10=27.47;bio11=18.74;bio12=1436.0;bio13=201.0;bio14=47.0;bio15=47.83;bio16=551.0;bio17=171.0;bio18=548.0;bio19=171.0	known
SRR29141852	P1	R	USA	Palm Beach County, Florida	2	high	26.628	-80.4494	78.77	5.49	23.35	359.35	18.74	1436.0	47.83	7.0	0.435033	0.036544	0.008392	0.007900	bio1=23.35;bio2=10.21;bio3=51.32;bio4=359.35;bio5=32.49;bio6=12.6;bio7=19.9;bio8=27.33;bio9=18.74;bio10=27.47;bio11=18.74;bio12=1436.0;bio13=201.0;bio14=47.0;bio15=47.83;bio16=551.0;bio17=171.0;bio18=548.0;bio19=171.0	known
SRR29141853	P1	C	USA	Palm Beach County, Florida	2	high	26.628	-80.4494	96.92	6.61	23.35	359.35	18.74	1436.0	47.83	7.0	-0.094151	-0.080235	0.000238	-0.118948	bio1=23.35;bio2=10.21;bio3=51.32;bio4=359.35;bio5=32.49;bio6=12.6;bio7=19.9;bio8=27.33;bio9=18.74;bio10=27.47;bio11=18.74;bio12=1436.0;bio13=201.0;bio14=47.0;bio15=47.83;bio16=551.0;bio17=171.0;bio18=548.0;bio19=171.0	known
SRR29141858	P1	C	USA	Kern County, California	2	high	35.3146	-118.7538	97.7	6.78	17.33	691.25	9.25	236.0	80.32	379.0	-0.118526	-0.115016	0.025130	-0.125842	bio1=17.33;bio2=15.12;bio3=44.59;bio4=691.25;bio5=35.69;bio6=1.77;bio7=33.92;bio8=10.74;bio9=25.94;bio10=25.94;bio11=9.25;bio12=236.0;bio13=48.0;bio14=1.0;bio15=80.32;bio16=125.0;bio17=6.0;bio18=6.0;bio19=105.0	known
SRR29141863	P1	H	USA	Palm Beach County, Florida	2	high	26.628	-80.4494	94.14	6.66	23.35	359.35	18.74	1436.0	47.83	7.0	0.090016	-0.040286	0.004943	-0.054149	bio1=23.35;bio2=10.21;bio3=51.32;bio4=359.35;bio5=32.49;bio6=12.6;bio7=19.9;bio8=27.33;bio9=18.74;bio10=27.47;bio11=18.74;bio12=1436.0;bio13=201.0;bio14=47.0;bio15=47.83;bio16=551.0;bio17=171.0;bio18=548.0;bio19=171.0	known
SRR29141887	P1	C	USA	Palm Beach County, Florida	2	high	26.628	-80.4494	97.75	6.66	23.35	359.35	18.74	1436.0	47.83	7.0	-0.106145	-0.082984	0.003768	-0.089504	bio1=23.35;bio2=10.21;bio3=51.32;bio4=359.35;bio5=32.49;bio6=12.6;bio7=19.9;bio8=27.33;bio9=18.74;bio10=27.47;bio11=18.74;bio12=1436.0;bio13=201.0;bio14=47.0;bio15=47.83;bio16=551.0;bio17=171.0;bio18=548.0;bio19=171.0	known
SRR29141898	P1	C	USA	Hidalgo County, Texas	2	high	26.353	-98.2164	97.35	6.73	23.14	560.01	15.65	594.0	52.85	46.0	-0.114834	-0.111637	0.022454	-0.113662	bio1=23.14;bio2=12.59;bio3=44.99;bio4=560.01;bio5=36.33;bio6=8.33;bio7=27.99;bio8=27.26;bio9=17.25;bio10=29.43;bio11=15.65;bio12=594.0;bio13=106.0;bio14=16.0;bio15=52.85;bio16=226.0;bio17=82.0;bio18=176.0;bio19=95.0	known
SRR29141900	P1	C	USA	Hidalgo County, Texas	2	high	26.353	-98.2164	98.14	7.02	23.14	560.01	15.65	594.0	52.85	46.0	-0.117215	-0.112972	0.021854	-0.123519	bio1=23.14;bio2=12.59;bio3=44.99;bio4=560.01;bio5=36.33;bio6=8.33;bio7=27.99;bio8=27.26;bio9=17.25;bio10=29.43;bio11=15.65;bio12=594.0;bio13=106.0;bio14=16.0;bio15=52.85;bio16=226.0;bio17=82.0;bio18=176.0;bio19=95.0	known
SRR29141901	P1	C	USA	Hidalgo County, Texas	2	high	26.353	-98.2164	94.53	6.71	23.14	560.01	15.65	594.0	52.85	46.0	-0.113282	-0.110502	0.018131	-0.127004	bio1=23.14;bio2=12.59;bio3=44.99;bio4=560.01;bio5=36.33;bio6=8.33;bio7=27.99;bio8=27.26;bio9=17.25;bio10=29.43;bio11=15.65;bio12=594.0;bio13=106.0;bio14=16.0;bio15=52.85;bio16=226.0;bio17=82.0;bio18=176.0;bio19=95.0	known
SRR29141903	P1	R	USA	Hidalgo County, Texas	2	high	26.353	-98.2164	96.93	6.72	23.14	560.01	15.65	594.0	52.85	46.0	0.437467	0.032869	0.002588	0.009864	bio1=23.14;bio2=12.59;bio3=44.99;bio4=560.01;bio5=36.33;bio6=8.33;bio7=27.99;bio8=27.26;bio9=17.25;bio10=29.43;bio11=15.65;bio12=594.0;bio13=106.0;bio14=16.0;bio15=52.85;bio16=226.0;bio17=82.0;bio18=176.0;bio19=95.0	known
SRR29141907	P1	C	USA	Hidalgo County, Texas	2	high	26.353	-98.2164	97.43	6.78	23.14	560.01	15.65	594.0	52.85	46.0	-0.108054	-0.109084	0.021141	-0.103307	bio1=23.14;bio2=12.59;bio3=44.99;bio4=560.01;bio5=36.33;bio6=8.33;bio7=27.99;bio8=27.26;bio9=17.25;bio10=29.43;bio11=15.65;bio12=594.0;bio13=106.0;bio14=16.0;bio15=52.85;bio16=226.0;bio17=82.0;bio18=176.0;bio19=95.0	known
SRR29141909	P1	R	USA	Hidalgo County, Texas	2	high	26.353	-98.2164	97.99	7.25	23.14	560.01	15.65	594.0	52.85	46.0	0.432003	0.040447	-0.000890	-0.010834	bio1=23.14;bio2=12.59;bio3=44.99;bio4=560.01;bio5=36.33;bio6=8.33;bio7=27.99;bio8=27.26;bio9=17.25;bio10=29.43;bio11=15.65;bio12=594.0;bio13=106.0;bio14=16.0;bio15=52.85;bio16=226.0;bio17=82.0;bio18=176.0;bio19=95.0	known
SRR29141913	P1	C	USA	Hidalgo County, Texas	2	high	26.353	-98.2164	91.23	5.86	23.14	560.01	15.65	594.0	52.85	46.0	-0.118389	-0.116402	0.021813	-0.121358	bio1=23.14;bio2=12.59;bio3=44.99;bio4=560.01;bio5=36.33;bio6=8.33;bio7=27.99;bio8=27.26;bio9=17.25;bio10=29.43;bio11=15.65;bio12=594.0;bio13=106.0;bio14=16.0;bio15=52.85;bio16=226.0;bio17=82.0;bio18=176.0;bio19=95.0	known
SRR29141916	P1	C	USA	Hidalgo County, Texas	2	high	26.353	-98.2164	94.23	6.52	23.14	560.01	15.65	594.0	52.85	46.0	-0.104663	-0.106516	0.024592	-0.127175	bio1=23.14;bio2=12.59;bio3=44.99;bio4=560.01;bio5=36.33;bio6=8.33;bio7=27.99;bio8=27.26;bio9=17.25;bio10=29.43;bio11=15.65;bio12=594.0;bio13=106.0;bio14=16.0;bio15=52.85;bio16=226.0;bio17=82.0;bio18=176.0;bio19=95.0	known
SRR29141925	P1	C	USA	Palm Beach County, Florida	2	high	26.628	-80.4494	98.19	7.06	23.35	359.35	18.74	1436.0	47.83	7.0	-0.094506	-0.083763	0.003971	-0.094146	bio1=23.35;bio2=10.21;bio3=51.32;bio4=359.35;bio5=32.49;bio6=12.6;bio7=19.9;bio8=27.33;bio9=18.74;bio10=27.47;bio11=18.74;bio12=1436.0;bio13=201.0;bio14=47.0;bio15=47.83;bio16=551.0;bio17=171.0;bio18=548.0;bio19=171.0	known
SRR29141929	P1	R	USA	Tazewell County, Illinois	2	high	40.5126	-89.5442	97.12	6.6	10.72	1047.64	-2.94	941.0	27.64	188.0	0.438298	0.035606	0.002575	0.011364	bio1=10.72;bio2=11.31;bio3=28.29;bio4=1047.64;bio5=30.21;bio6=-9.76;bio7=39.97;bio8=20.97;bio9=-2.94;bio10=23.06;bio11=-2.94;bio12=941.0;bio13=104.0;bio14=40.0;bio15=27.64;bio16=304.0;bio17=145.0;bio18=285.0;bio19=145.0	known
SRR29141930	P1	R	USA	Tazewell County, Illinois	2	high	40.5126	-89.5442	96.63	5.91	10.72	1047.64	-2.94	941.0	27.64	188.0	0.434298	0.037236	0.008762	-0.000848	bio1=10.72;bio2=11.31;bio3=28.29;bio4=1047.64;bio5=30.21;bio6=-9.76;bio7=39.97;bio8=20.97;bio9=-2.94;bio10=23.06;bio11=-2.94;bio12=941.0;bio13=104.0;bio14=40.0;bio15=27.64;bio16=304.0;bio17=145.0;bio18=285.0;bio19=145.0	known
SRR29141932	P1	R	USA	Tazewell County, Illinois	2	high	40.5126	-89.5442	96.41	6.39	10.72	1047.64	-2.94	941.0	27.64	188.0	0.441607	0.036746	0.007438	-0.002682	bio1=10.72;bio2=11.31;bio3=28.29;bio4=1047.64;bio5=30.21;bio6=-9.76;bio7=39.97;bio8=20.97;bio9=-2.94;bio10=23.06;bio11=-2.94;bio12=941.0;bio13=104.0;bio14=40.0;bio15=27.64;bio16=304.0;bio17=145.0;bio18=285.0;bio19=145.0	known
SRR29141933	P1	R	USA	Tazewell County, Illinois	2	high	40.5126	-89.5442	93.31	5.7	10.72	1047.64	-2.94	941.0	27.64	188.0	0.434469	0.036905	-0.002280	0.003244	bio1=10.72;bio2=11.31;bio3=28.29;bio4=1047.64;bio5=30.21;bio6=-9.76;bio7=39.97;bio8=20.97;bio9=-2.94;bio10=23.06;bio11=-2.94;bio12=941.0;bio13=104.0;bio14=40.0;bio15=27.64;bio16=304.0;bio17=145.0;bio18=285.0;bio19=145.0	known
SRR29141934	P1	R	USA	Tazewell County, Illinois	2	high	40.5126	-89.5442	96.54	5.98	10.72	1047.64	-2.94	941.0	27.64	188.0	0.436176	0.040895	0.001297	0.009858	bio1=10.72;bio2=11.31;bio3=28.29;bio4=1047.64;bio5=30.21;bio6=-9.76;bio7=39.97;bio8=20.97;bio9=-2.94;bio10=23.06;bio11=-2.94;bio12=941.0;bio13=104.0;bio14=40.0;bio15=27.64;bio16=304.0;bio17=145.0;bio18=285.0;bio19=145.0	known
SRR29141935	P1	R	USA	Tazewell County, Illinois	2	high	40.5126	-89.5442	96.53	6.33	10.72	1047.64	-2.94	941.0	27.64	188.0	0.442190	0.037893	0.004532	-0.004586	bio1=10.72;bio2=11.31;bio3=28.29;bio4=1047.64;bio5=30.21;bio6=-9.76;bio7=39.97;bio8=20.97;bio9=-2.94;bio10=23.06;bio11=-2.94;bio12=941.0;bio13=104.0;bio14=40.0;bio15=27.64;bio16=304.0;bio17=145.0;bio18=285.0;bio19=145.0	known
SRR29141937	P1	R	USA	Tazewell County, Illinois	2	high	40.5126	-89.5442	96.49	6.66	10.72	1047.64	-2.94	941.0	27.64	188.0	0.440109	0.039254	0.003823	0.002894	bio1=10.72;bio2=11.31;bio3=28.29;bio4=1047.64;bio5=30.21;bio6=-9.76;bio7=39.97;bio8=20.97;bio9=-2.94;bio10=23.06;bio11=-2.94;bio12=941.0;bio13=104.0;bio14=40.0;bio15=27.64;bio16=304.0;bio17=145.0;bio18=285.0;bio19=145.0	known
SRR29141940	P1	R	USA	Tazewell County, Illinois	2	high	40.5126	-89.5442	96.43	5.8	10.72	1047.64	-2.94	941.0	27.64	188.0	0.442606	0.039560	0.004769	-0.007911	bio1=10.72;bio2=11.31;bio3=28.29;bio4=1047.64;bio5=30.21;bio6=-9.76;bio7=39.97;bio8=20.97;bio9=-2.94;bio10=23.06;bio11=-2.94;bio12=941.0;bio13=104.0;bio14=40.0;bio15=27.64;bio16=304.0;bio17=145.0;bio18=285.0;bio19=145.0	known
SRR29141949	P1	C	USA	Kern County, California	2	high	35.3146	-118.7538	97.83	6.89	17.33	691.25	9.25	236.0	80.32	379.0	-0.120374	-0.125290	0.029070	-0.112852	bio1=17.33;bio2=15.12;bio3=44.59;bio4=691.25;bio5=35.69;bio6=1.77;bio7=33.92;bio8=10.74;bio9=25.94;bio10=25.94;bio11=9.25;bio12=236.0;bio13=48.0;bio14=1.0;bio15=80.32;bio16=125.0;bio17=6.0;bio18=6.0;bio19=105.0	known
SRR29141951	P1	C	USA	Kern County, California	2	high	35.3146	-118.7538	98.23	6.94	17.33	691.25	9.25	236.0	80.32	379.0	-0.112163	-0.107952	0.020678	-0.119555	bio1=17.33;bio2=15.12;bio3=44.59;bio4=691.25;bio5=35.69;bio6=1.77;bio7=33.92;bio8=10.74;bio9=25.94;bio10=25.94;bio11=9.25;bio12=236.0;bio13=48.0;bio14=1.0;bio15=80.32;bio16=125.0;bio17=6.0;bio18=6.0;bio19=105.0	known
SRR29141954	P1	C	USA	Kern County, California	2	high	35.3146	-118.7538	97.81	6.81	17.33	691.25	9.25	236.0	80.32	379.0	-0.110898	-0.113007	0.021523	-0.115931	bio1=17.33;bio2=15.12;bio3=44.59;bio4=691.25;bio5=35.69;bio6=1.77;bio7=33.92;bio8=10.74;bio9=25.94;bio10=25.94;bio11=9.25;bio12=236.0;bio13=48.0;bio14=1.0;bio15=80.32;bio16=125.0;bio17=6.0;bio18=6.0;bio19=105.0	known
SRR29141959	P1	C	USA	Kern County, California	2	high	35.3146	-118.7538	97.81	6.75	17.33	691.25	9.25	236.0	80.32	379.0	-0.119257	-0.112504	0.018548	-0.127133	bio1=17.33;bio2=15.12;bio3=44.59;bio4=691.25;bio5=35.69;bio6=1.77;bio7=33.92;bio8=10.74;bio9=25.94;bio10=25.94;bio11=9.25;bio12=236.0;bio13=48.0;bio14=1.0;bio15=80.32;bio16=125.0;bio17=6.0;bio18=6.0;bio19=105.0	known
SRR29141960	P1	C	USA	Kern County, California	2	high	35.3146	-118.7538	98.01	6.94	17.33	691.25	9.25	236.0	80.32	379.0	-0.114390	-0.103352	0.015149	-0.129859	bio1=17.33;bio2=15.12;bio3=44.59;bio4=691.25;bio5=35.69;bio6=1.77;bio7=33.92;bio8=10.74;bio9=25.94;bio10=25.94;bio11=9.25;bio12=236.0;bio13=48.0;bio14=1.0;bio15=80.32;bio16=125.0;bio17=6.0;bio18=6.0;bio19=105.0	known
SRR29141961	P1	C	USA	Kern County, California	2	high	35.3146	-118.7538	97.49	6.78	17.33	691.25	9.25	236.0	80.32	379.0	-0.116142	-0.109448	0.026258	-0.120254	bio1=17.33;bio2=15.12;bio3=44.59;bio4=691.25;bio5=35.69;bio6=1.77;bio7=33.92;bio8=10.74;bio9=25.94;bio10=25.94;bio11=9.25;bio12=236.0;bio13=48.0;bio14=1.0;bio15=80.32;bio16=125.0;bio17=6.0;bio18=6.0;bio19=105.0	known
SRR29141962	P1	C	USA	Kern County, California	2	high	35.3146	-118.7538	97.97	6.85	17.33	691.25	9.25	236.0	80.32	379.0	-0.115239	-0.118623	0.026288	-0.123858	bio1=17.33;bio2=15.12;bio3=44.59;bio4=691.25;bio5=35.69;bio6=1.77;bio7=33.92;bio8=10.74;bio9=25.94;bio10=25.94;bio11=9.25;bio12=236.0;bio13=48.0;bio14=1.0;bio15=80.32;bio16=125.0;bio17=6.0;bio18=6.0;bio19=105.0	known
SRR29141963	P1	C	USA	Kern County, California	2	high	35.3146	-118.7538	97.9	6.78	17.33	691.25	9.25	236.0	80.32	379.0	-0.116155	-0.107594	0.026296	-0.125387	bio1=17.33;bio2=15.12;bio3=44.59;bio4=691.25;bio5=35.69;bio6=1.77;bio7=33.92;bio8=10.74;bio9=25.94;bio10=25.94;bio11=9.25;bio12=236.0;bio13=48.0;bio14=1.0;bio15=80.32;bio16=125.0;bio17=6.0;bio18=6.0;bio19=105.0	known
SRR29141967	P1	C	USA	Yuma County, Arizona	2	high	32.7915	-113.8975	97.55	6.52	22.41	787.56	13.0	109.0	51.0	98.0	-0.114691	-0.114664	0.021635	-0.110930	bio1=22.41;bio2=17.7;bio3=46.34;bio4=787.56;bio5=41.75;bio6=3.54;bio7=38.21;bio8=32.04;bio9=25.39;bio10=32.08;bio11=13.0;bio12=109.0;bio13=18.0;bio14=1.0;bio15=51.0;bio16=42.0;bio17=5.0;bio18=25.0;bio19=33.0	known
SRR29141968	P1	C	USA	Yuma County, Arizona	2	high	32.7915	-113.8975	96.8	6.14	22.41	787.56	13.0	109.0	51.0	98.0	-0.116064	-0.113650	0.019608	-0.122646	bio1=22.41;bio2=17.7;bio3=46.34;bio4=787.56;bio5=41.75;bio6=3.54;bio7=38.21;bio8=32.04;bio9=25.39;bio10=32.08;bio11=13.0;bio12=109.0;bio13=18.0;bio14=1.0;bio15=51.0;bio16=42.0;bio17=5.0;bio18=25.0;bio19=33.0	known
SRR29141969	P1	C	USA	Yuma County, Arizona	2	high	32.7915	-113.8975	97.6	5.92	22.41	787.56	13.0	109.0	51.0	98.0	-0.115474	-0.114687	0.026851	-0.101942	bio1=22.41;bio2=17.7;bio3=46.34;bio4=787.56;bio5=41.75;bio6=3.54;bio7=38.21;bio8=32.04;bio9=25.39;bio10=32.08;bio11=13.0;bio12=109.0;bio13=18.0;bio14=1.0;bio15=51.0;bio16=42.0;bio17=5.0;bio18=25.0;bio19=33.0	known
SRR29141970	P1	C	USA	Yuma County, Arizona	2	high	32.7915	-113.8975	97.56	6.0	22.41	787.56	13.0	109.0	51.0	98.0	-0.115676	-0.112521	0.020535	-0.123983	bio1=22.41;bio2=17.7;bio3=46.34;bio4=787.56;bio5=41.75;bio6=3.54;bio7=38.21;bio8=32.04;bio9=25.39;bio10=32.08;bio11=13.0;bio12=109.0;bio13=18.0;bio14=1.0;bio15=51.0;bio16=42.0;bio17=5.0;bio18=25.0;bio19=33.0	known
SRR29141971	P1	C	USA	Yuma County, Arizona	2	high	32.7915	-113.8975	97.85	5.54	22.41	787.56	13.0	109.0	51.0	98.0	-0.117049	-0.116566	0.018636	-0.135332	bio1=22.41;bio2=17.7;bio3=46.34;bio4=787.56;bio5=41.75;bio6=3.54;bio7=38.21;bio8=32.04;bio9=25.39;bio10=32.08;bio11=13.0;bio12=109.0;bio13=18.0;bio14=1.0;bio15=51.0;bio16=42.0;bio17=5.0;bio18=25.0;bio19=33.0	known
SRR29141972	P1	C	USA	Yuma County, Arizona	2	high	32.7915	-113.8975	95.24	5.65	22.41	787.56	13.0	109.0	51.0	98.0	-0.114606	-0.110120	0.025046	-0.121382	bio1=22.41;bio2=17.7;bio3=46.34;bio4=787.56;bio5=41.75;bio6=3.54;bio7=38.21;bio8=32.04;bio9=25.39;bio10=32.08;bio11=13.0;bio12=109.0;bio13=18.0;bio14=1.0;bio15=51.0;bio16=42.0;bio17=5.0;bio18=25.0;bio19=33.0	known
