go	name	namespace	n_info	n_back	expected	fold	p	fdr
GO:0005886	plasma membrane	cellular_component	278	1056	179.3483561137791	1.5500560251783744	4.623378077726727e-16	5.4093523509402704e-14
GO:0032589	neuron projection membrane	cellular_component	12	20	3.396749168821574	3.5327895595432297	1.8245258075029604e-05	0.0010673475973892318
GO:0050839	cell adhesion molecule binding	molecular_function	10	15	2.54756187661618	3.9253217328258114	2.5575826614476966e-05	0.0048338312301361465
GO:0009887	animal organ morphogenesis	biological_process	19	46	7.81252308828962	2.431992812729035	8.416083438294835e-05	0.008537726368876628
GO:0030154	cell differentiation	biological_process	26	73	12.398134466198744	2.097089692879543	9.382116888875416e-05	0.008537726368876628
GO:0004558	alpha-1,4-glucosidase activity	molecular_function	7	9	1.5285371259697083	4.579542021630113	0.00010552494510819363	0.007760262786616183
GO:0004016	adenylate cyclase activity	molecular_function	11	20	3.396749168821574	3.238390429581294	0.00012317877439073306	0.007760262786616183
GO:0050808	synapse organization	biological_process	13	27	4.5856113779091245	2.8349545848186413	0.0001768480884907975	0.009185882244767012
GO:0007189	adenylate cyclase-activating G protein-coupled receptor signaling pathway	biological_process	9	15	2.54756187661618	3.53278955954323	0.00021597182581441928	0.009185882244767012
GO:0005911	cell-cell junction	cellular_component	11	21	3.5665866272626525	3.0841813615059945	0.00021908303735950786	0.00812571300038319
GO:0030182	neuron differentiation	biological_process	21	57	9.680735131141486	2.1692567470879482	0.00025235940232876407	0.009185882244767012
GO:0005938	cell cortex	cellular_component	12	25	4.245936461026967	2.826231647634584	0.0003261265590364201	0.00812571300038319
GO:0016020	membrane	cellular_component	192	907	154.04257480605835	1.2464086648884605	0.00036602849452560413	0.00812571300038319
GO:0043005	neuron projection	cellular_component	19	51	8.661710380495013	2.193562144814424	0.00041670323078888153	0.00812571300038319
GO:0004035	alkaline phosphatase activity	molecular_function	6	8	1.3586996675286296	4.415986949429037	0.0004879987933439697	0.023057942985502566
GO:0045202	synapse	cellular_component	13	30	5.09512375323236	2.5514591263367774	0.0006385327461582023	0.010600792381035132
GO:0016328	lateral plasma membrane	cellular_component	5	6	1.019024750646472	4.906652166032265	0.0007248405046861629	0.010600792381035132
GO:0004930	G protein-coupled receptor activity	molecular_function	21	61	10.3600849649058	2.0270104030166074	0.0007248624312680037	0.02739979990193054
GO:0008528	G protein-coupled peptide receptor activity	molecular_function	11	24	4.076099002585888	2.6986586913177453	0.0009435045981362454	0.027702136872670063
GO:0098609	cell-cell adhesion	biological_process	16	43	7.303010712966383	2.19087724622836	0.0011859220170075577	0.032576608735203565
GO:0001653	peptide receptor activity	molecular_function	6	9	1.5285371259697083	3.925321732825811	0.0012529464898155217	0.027702136872670063
GO:0007168	receptor guanylyl cyclase signaling pathway	biological_process	6	9	1.5285371259697083	3.925321732825811	0.0012529464898155217	0.032576608735203565
GO:0005516	calmodulin binding	molecular_function	8	15	2.54756187661618	3.1402573862606493	0.0014169506310978508	0.027702136872670063
GO:0004983	neuropeptide Y receptor activity	molecular_function	7	12	2.038049501292944	3.434656516222585	0.0014413452668047863	0.027702136872670063
GO:0000977	RNA polymerase II transcription regulatory region sequence-specific DNA binding	molecular_function	30	103	17.493258219431105	1.7149463881277816	0.0014821870808545258	0.027702136872670063
GO:0071944	cell periphery	cellular_component	12	29	4.925286294791282	2.4364065927884346	0.001673481192674603	0.021755255504769838
GO:0005085	guanyl-nucleotide exchange factor activity	molecular_function	22	69	11.71878463243443	1.8773277852645183	0.001737730021914764	0.027702136872670063
GO:0005509	calcium ion binding	molecular_function	47	183	31.0802548947174	1.5122141101869928	0.0017588658331854007	0.027702136872670063
GO:0045211	postsynaptic membrane	cellular_component	14	37	6.283985962319911	2.227885307820055	0.001970487105978633	0.023054699139950004
GO:0004714	transmembrane receptor protein tyrosine kinase activity	molecular_function	9	19	3.226911710380495	2.789044389113076	0.002080225393103611	0.030243276868967883
GO:0008045	motor neuron axon guidance	biological_process	5	7	1.1888622090875507	4.205701856599084	0.002180351725968462	0.049603001765782515
GO:0050660	flavin adenine dinucleotide binding	molecular_function	26	88	14.945696342814925	1.739631222502348	0.002385523075448504	0.0322045615185548
GO:0004383	guanylate cyclase activity	molecular_function	7	13	2.2078869597340227	3.1704521688208476	0.0026668776264073906	0.03360265809273312
GO:0007165	signal transduction	biological_process	30	107	18.172608053195418	1.6508362427772103	0.002826116219760361	0.05237625623433641
GO:0003779	actin binding	molecular_function	12	31	5.264961211673439	2.2792190706730517	0.0032685386548919615	0.03633845916321063
GO:0004672	protein kinase activity	molecular_function	12	31	5.264961211673439	2.2792190706730517	0.0032685386548919615	0.03633845916321063
GO:0043235	signaling receptor complex	cellular_component	12	31	5.264961211673439	2.2792190706730517	0.0032685386548919615	0.03476536569294177
GO:0048790	maintenance of presynaptic active zone structure	biological_process	4	5	0.8491872922053935	4.7103860793909735	0.0035861561153522946	0.05237625623433641
GO:0008284	positive regulation of cell population proliferation	biological_process	4	5	0.8491872922053935	4.7103860793909735	0.0035861561153522946	0.05237625623433641
GO:0030198	extracellular matrix organization	biological_process	10	24	4.076099002585888	2.4533260830161323	0.00380891409898681	0.05237625623433641
GO:0001228	DNA-binding transcription activator activity, RNA polymerase II-specific	molecular_function	16	48	8.152198005171776	1.9626608664129057	0.0043425246294072975	0.040201842159800015
GO:0005096	GTPase activator activity	molecular_function	24	83	14.09650905060953	1.7025491853220387	0.004661991935810785	0.040201842159800015
GO:0086010	membrane depolarization during action potential	biological_process	3	3	0.509512375323236	5.887982599238717	0.0048922876702402135	0.05237625623433641
GO:0000338	protein deneddylation	biological_process	3	3	0.509512375323236	5.887982599238717	0.0048922876702402135	0.05237625623433641
GO:0016301	kinase activity	molecular_function	3	3	0.509512375323236	5.887982599238717	0.0048922876702402135	0.040201842159800015
GO:0005248	voltage-gated sodium channel activity	molecular_function	3	3	0.509512375323236	5.887982599238717	0.0048922876702402135	0.040201842159800015
GO:0051240	positive regulation of multicellular organismal process	biological_process	3	3	0.509512375323236	5.887982599238717	0.0048922876702402135	0.05237625623433641
GO:0001518	voltage-gated sodium channel complex	cellular_component	3	3	0.509512375323236	5.887982599238717	0.0048922876702402135	0.04403058903216192
GO:0038039	G protein-coupled receptor heterodimeric complex	cellular_component	3	3	0.509512375323236	5.887982599238717	0.0048922876702402135	0.04403058903216192
GO:0050291	sphingosine N-acyltransferase activity	molecular_function	3	3	0.509512375323236	5.887982599238717	0.0048922876702402135	0.040201842159800015
GO:0004965	G protein-coupled GABA receptor activity	molecular_function	3	3	0.509512375323236	5.887982599238717	0.0048922876702402135	0.040201842159800015
GO:0007214	gamma-aminobutyric acid signaling pathway	biological_process	3	3	0.509512375323236	5.887982599238717	0.0048922876702402135	0.05237625623433641
GO:0030574	collagen catabolic process	biological_process	3	3	0.509512375323236	5.887982599238717	0.0048922876702402135	0.05237625623433641
GO:0051015	actin filament binding	molecular_function	19	62	10.529922423346878	1.8043817642828326	0.005661939010771185	0.04458776970982308
GO:0050661	NADP binding	molecular_function	7	15	2.54756187661618	2.747725212978068	0.007305155668792059	0.05337150207309864
GO:0008104	intracellular protein localization	biological_process	7	15	2.54756187661618	2.747725212978068	0.007305155668792059	0.07386324065111971
GO:0016614	oxidoreductase activity, acting on CH-OH group of donors	molecular_function	18	59	10.020410048023642	1.7963336743440153	0.007342111396299284	0.05337150207309864
GO:0003774	cytoskeletal motor activity	molecular_function	4	6	1.019024750646472	3.9253217328258114	0.009308787336684556	0.06283431452262075
GO:0004993	G protein-coupled serotonin receptor activity	molecular_function	4	6	1.019024750646472	3.9253217328258114	0.009308787336684556	0.06283431452262075
GO:0007163	establishment or maintenance of cell polarity	biological_process	5	9	1.5285371259697083	3.271101444021509	0.009685931768501495	0.08394474199367963
GO:0006171	cAMP biosynthetic process	biological_process	5	9	1.5285371259697083	3.271101444021509	0.009685931768501495	0.08394474199367963
GO:0007274	neuromuscular synaptic transmission	biological_process	5	9	1.5285371259697083	3.271101444021509	0.009685931768501495	0.08394474199367963
GO:0030425	dendrite	cellular_component	11	31	5.264961211673439	2.089284148116964	0.01015253442905964	0.08484618058571271
GO:0009653	anatomical structure morphogenesis	biological_process	20	70	11.888622090875508	1.6822807426396333	0.01069265177356725	0.08845739194496544
GO:0007156	homophilic cell-cell adhesion	biological_process	13	40	6.793498337643148	1.913594344752583	0.012195475418379254	0.0965033272236967
GO:0003777	microtubule motor activity	molecular_function	8	20	3.396749168821574	2.3551930396954868	0.012513981424945912	0.08155663756257853
GO:0007424	open tracheal system development	biological_process	5	10	1.698374584410787	2.9439912996193582	0.016689386129255118	0.10700103135865716
GO:0010181	FMN binding	molecular_function	5	10	1.698374584410787	2.9439912996193582	0.016689386129255118	0.09223116973876011
GO:0007166	cell surface receptor signaling pathway	biological_process	11	33	5.604636128555597	1.9626608664129055	0.016767154550395933	0.10700103135865716
GO:0002020	protease binding	molecular_function	3	4	0.6793498337643148	4.415986949429037	0.01707984624791854	0.09223116973876011
GO:0003785	actin monomer binding	molecular_function	3	4	0.6793498337643148	4.415986949429037	0.01707984624791854	0.09223116973876011
GO:0140326	ATPase-coupled intramembrane lipid carrier activity	molecular_function	3	4	0.6793498337643148	4.415986949429037	0.01707984624791854	0.09223116973876011
GO:0005164	tumor necrosis factor receptor binding	molecular_function	3	4	0.6793498337643148	4.415986949429037	0.01707984624791854	0.09223116973876011
GO:0048565	digestive tract development	biological_process	3	4	0.6793498337643148	4.415986949429037	0.01707984624791854	0.10700103135865716
GO:0043122	regulation of canonical NF-kappaB signal transduction	biological_process	3	4	0.6793498337643148	4.415986949429037	0.01707984624791854	0.10700103135865716
GO:0051787	misfolded protein binding	molecular_function	3	4	0.6793498337643148	4.415986949429037	0.01707984624791854	0.09223116973876011
GO:0030010	establishment of cell polarity	biological_process	3	4	0.6793498337643148	4.415986949429037	0.01707984624791854	0.10700103135865716
GO:0030036	actin cytoskeleton organization	biological_process	9	25	4.245936461026967	2.119673735725938	0.017554867538982312	0.10700103135865716
GO:0098703	calcium ion import across plasma membrane	biological_process	4	7	1.1888622090875507	3.364561485279267	0.018813368150972686	0.10700103135865716
GO:0007507	heart development	biological_process	4	7	1.1888622090875507	3.364561485279267	0.018813368150972686	0.10700103135865716
GO:0048589	developmental growth	biological_process	4	7	1.1888622090875507	3.364561485279267	0.018813368150972686	0.10700103135865716
GO:0140359	ABC-type transporter activity	molecular_function	12	38	6.45382342076099	1.8593629260753841	0.01988162840755397	0.10437854913965834
GO:0005794	Golgi apparatus	cellular_component	27	108	18.342445511636498	1.4719956498096791	0.02149461913954289	0.1623245000336313
GO:0000981	DNA-binding transcription factor activity, RNA polymerase II-specific	molecular_function	80	381	64.70807166605098	1.2363218056144285	0.02201764176947169	0.11246849444405807
GO:0005856	cytoskeleton	cellular_component	23	89	15.115533801256003	1.5216134807021402	0.022198222226821374	0.1623245000336313
GO:0005576	extracellular region	cellular_component	116	578	98.16605097894347	1.181671248290123	0.025952791417656242	0.17148922467508898
GO:0007157	heterophilic cell-cell adhesion	biological_process	5	11	1.8682120428518656	2.676355726926689	0.026382957642321382	0.14490154516001152
GO:0031594	neuromuscular junction	cellular_component	5	11	1.8682120428518656	2.676355726926689	0.026382957642321382	0.17148922467508898
GO:0035556	intracellular signal transduction	biological_process	21	81	13.756834133727374	1.5265140072100376	0.027069519425496662	0.14490154516001152
GO:0016887	ATP hydrolysis activity	molecular_function	38	165	28.023180642777984	1.3560202349761892	0.027133231586088002	0.1349521255202798
GO:0008422	beta-glucosidase activity	molecular_function	7	19	3.226911710380495	2.1692567470879482	0.030734972971768915	0.14894640747857243
GO:0008017	microtubule binding	molecular_function	18	68	11.548947173993351	1.5585836292102484	0.03194344763288584	0.1509327900653856
GO:0016477	cell migration	biological_process	13	45	7.642685629848541	1.700972750891185	0.032610502016240585	0.1449798283175355
GO:0043195	terminal bouton	cellular_component	4	8	1.3586996675286296	2.9439912996193582	0.032625796354936086	0.19086090867637612
GO:0070161	anchoring junction	cellular_component	4	8	1.3586996675286296	2.9439912996193582	0.032625796354936086	0.19086090867637612
GO:0051239	regulation of multicellular organismal process	biological_process	4	8	1.3586996675286296	2.9439912996193582	0.032625796354936086	0.1449798283175355
GO:0001736	establishment of planar polarity	biological_process	4	8	1.3586996675286296	2.9439912996193582	0.032625796354936086	0.1449798283175355
GO:0005524	ATP binding	molecular_function	147	756	128.3971185814555	1.1448855054075282	0.03611236212366026	0.1664691814968729
GO:0046928	regulation of neurotransmitter secretion	biological_process	3	5	0.8491872922053935	3.5327895595432297	0.037320381446767914	0.1449798283175355
GO:0036122	BMP binding	molecular_function	3	5	0.8491872922053935	3.5327895595432297	0.037320381446767914	0.1679417165104556
GO:0007528	neuromuscular junction development	biological_process	3	5	0.8491872922053935	3.5327895595432297	0.037320381446767914	0.1449798283175355
GO:0042063	gliogenesis	biological_process	3	5	0.8491872922053935	3.5327895595432297	0.037320381446767914	0.1449798283175355
GO:0007026	negative regulation of microtubule depolymerization	biological_process	3	5	0.8491872922053935	3.5327895595432297	0.037320381446767914	0.1449798283175355
GO:0032968	positive regulation of transcription elongation by RNA polymerase II	biological_process	3	5	0.8491872922053935	3.5327895595432297	0.037320381446767914	0.1449798283175355
GO:0010976	positive regulation of neuron projection development	biological_process	3	5	0.8491872922053935	3.5327895595432297	0.037320381446767914	0.1449798283175355
GO:0016322	neuron remodeling	biological_process	3	5	0.8491872922053935	3.5327895595432297	0.037320381446767914	0.1449798283175355
GO:0035023	regulation of Rho protein signal transduction	biological_process	3	5	0.8491872922053935	3.5327895595432297	0.037320381446767914	0.1449798283175355
GO:0048731	system development	biological_process	11	37	6.283985962319911	1.7504813132871861	0.03884761816618024	0.1449798283175355
GO:0007268	chemical synaptic transmission	biological_process	5	12	2.038049501292944	2.4533260830161323	0.039033030700874945	0.1449798283175355
GO:0046513	ceramide biosynthetic process	biological_process	5	12	2.038049501292944	2.4533260830161323	0.039033030700874945	0.1449798283175355
GO:0050793	regulation of developmental process	biological_process	5	12	2.038049501292944	2.4533260830161323	0.039033030700874945	0.1449798283175355
GO:0005770	late endosome	cellular_component	6	16	2.717399335057259	2.2079934747145185	0.04092504701359827	0.22801097621861893
GO:0043410	positive regulation of MAPK cascade	biological_process	6	16	2.717399335057259	2.2079934747145185	0.04092504701359827	0.14673136983415494
GO:0005543	phospholipid binding	molecular_function	6	16	2.717399335057259	2.2079934747145185	0.04092504701359827	0.17987985780395518
GO:0048513	animal organ development	biological_process	14	51	8.661710380495013	1.6163089488106281	0.04111703220627419	0.14673136983415494
GO:0000226	microtubule cytoskeleton organization	biological_process	9	29	4.925286294791282	1.8273049445913259	0.045690889414595925	0.15991811295108574
GO:0007018	microtubule-based movement	biological_process	11	38	6.45382342076099	1.7044160155691022	0.0465745028826576	0.15993508537063553
GO:0004222	metalloendopeptidase activity	molecular_function	15	57	9.680735131141486	1.5494691050628202	0.04973426089769632	0.20945180514243103
GO:0000978	RNA polymerase II cis-regulatory region sequence-specific DNA binding	molecular_function	61	294	49.93221278167713	1.2216562535835434	0.05067982983824269	0.20945180514243103
GO:0051897	positive regulation of phosphatidylinositol 3-kinase/protein kinase B signal transduction	biological_process	4	9	1.5285371259697083	2.6168811552172073	0.05097768802408374	0.168689804006968
GO:0004879	nuclear receptor activity	molecular_function	4	9	1.5285371259697083	2.6168811552172073	0.05097768802408374	0.20945180514243103
GO:0007010	cytoskeleton organization	biological_process	4	9	1.5285371259697083	2.6168811552172073	0.05097768802408374	0.168689804006968
GO:0043022	ribosome binding	molecular_function	6	17	2.887236793498338	2.0781115056136645	0.054431188737479874	0.2157381931042495
GO:0010008	endosome membrane	cellular_component	6	17	2.887236793498338	2.0781115056136645	0.054431188737479874	0.2635807289707447
GO:0042383	sarcolemma	cellular_component	5	13	2.2078869597340227	2.264608692014891	0.05479065221695226	0.2635807289707447
GO:0004768	stearoyl-CoA 9-desaturase activity	molecular_function	5	13	2.2078869597340227	2.264608692014891	0.05479065221695226	0.2157381931042495
GO:0006636	unsaturated fatty acid biosynthetic process	biological_process	5	13	2.2078869597340227	2.264608692014891	0.05479065221695226	0.17806961970509483
GO:0016324	apical plasma membrane	cellular_component	8	26	4.415773919468045	1.811686953611913	0.060744881376318956	0.2635807289707447
GO:0005912	adherens junction	cellular_component	8	26	4.415773919468045	1.811686953611913	0.060744881376318956	0.2635807289707447
GO:0016712	oxidoreductase activity, acting on paired donors, with incorporation or reduction of molecular oxygen, reduced flavin or flavoprotein as one donor, and incorporation of one atom of oxygen	molecular_function	14	54	9.171222755818249	1.5265140072100376	0.0633094674555397	0.22450442509536156
GO:0005929	cilium	cellular_component	11	40	6.793498337643148	1.619195214790647	0.0650131222578717	0.2635807289707447
GO:0009982	pseudouridine synthase activity	molecular_function	3	6	1.019024750646472	2.9439912996193587	0.06533197555685125	0.22450442509536156
GO:1904115	axon cytoplasm	cellular_component	3	6	1.019024750646472	2.9439912996193587	0.06533197555685125	0.2635807289707447
GO:0004198	calcium-dependent cysteine-type endopeptidase activity	molecular_function	3	6	1.019024750646472	2.9439912996193587	0.06533197555685125	0.22450442509536156
GO:0008180	COP9 signalosome	cellular_component	3	6	1.019024750646472	2.9439912996193587	0.06533197555685125	0.2635807289707447
GO:0097254	renal tubular secretion	biological_process	3	6	1.019024750646472	2.9439912996193587	0.06533197555685125	0.18985935587247196
GO:0006565	L-serine catabolic process	biological_process	3	6	1.019024750646472	2.9439912996193587	0.06533197555685125	0.18985935587247196
GO:0003941	L-serine ammonia-lyase activity	molecular_function	3	6	1.019024750646472	2.9439912996193587	0.06533197555685125	0.22450442509536156
GO:0004794	threonine deaminase activity	molecular_function	3	6	1.019024750646472	2.9439912996193587	0.06533197555685125	0.22450442509536156
GO:0017085	response to insecticide	biological_process	3	6	1.019024750646472	2.9439912996193587	0.06533197555685125	0.18985935587247196
GO:0007097	nuclear migration	biological_process	3	6	1.019024750646472	2.9439912996193587	0.06533197555685125	0.18985935587247196
GO:0032870	cellular response to hormone stimulus	biological_process	3	6	1.019024750646472	2.9439912996193587	0.06533197555685125	0.18985935587247196
GO:0019888	protein phosphatase regulator activity	molecular_function	3	6	1.019024750646472	2.9439912996193587	0.06533197555685125	0.22450442509536156
GO:0005923	bicellular tight junction	cellular_component	3	6	1.019024750646472	2.9439912996193587	0.06533197555685125	0.2635807289707447
GO:0008188	neuropeptide receptor activity	molecular_function	3	6	1.019024750646472	2.9439912996193587	0.06533197555685125	0.22450442509536156
GO:0006508	proteolysis	biological_process	91	462	78.46490579977835	1.1597541483348988	0.06569467637111173	0.18985935587247196
GO:0007169	cell surface receptor protein tyrosine kinase signaling pathway	biological_process	7	22	3.736424085703731	1.8734490088486826	0.065720546263548	0.18985935587247196
GO:0016323	basolateral plasma membrane	cellular_component	6	18	3.0570742519394165	1.9626608664129055	0.07032077948416644	0.269964907706701
GO:0005506	iron ion binding	molecular_function	36	167	28.36285555966014	1.2692657100155318	0.07221327822451921	0.24060532888448682
GO:0022841	potassium ion leak channel activity	molecular_function	5	14	2.3777244181751014	2.102850928299542	0.07369186539686261	0.24060532888448682
GO:0030322	stabilization of membrane potential	biological_process	5	14	2.3777244181751014	2.102850928299542	0.07369186539686261	0.20057094303914103
GO:0042391	regulation of membrane potential	biological_process	5	14	2.3777244181751014	2.102850928299542	0.07369186539686261	0.20057094303914103
GO:0035267	NuA4 histone acetyltransferase complex	cellular_component	4	10	1.698374584410787	2.3551930396954868	0.0738365559539695	0.269964907706701
GO:0022008	neurogenesis	biological_process	4	10	1.698374584410787	2.3551930396954868	0.0738365559539695	0.20057094303914103
GO:0005891	voltage-gated calcium channel complex	cellular_component	4	10	1.698374584410787	2.3551930396954868	0.0738365559539695	0.269964907706701
GO:0051119	sugar transmembrane transporter activity	molecular_function	4	10	1.698374584410787	2.3551930396954868	0.0738365559539695	0.24060532888448682
GO:0006417	regulation of translation	biological_process	4	10	1.698374584410787	2.3551930396954868	0.0738365559539695	0.20057094303914103
GO:0006869	lipid transport	biological_process	6	19	3.226911710380495	1.8593629260753841	0.08859115172065757	0.23367521178492284
GO:0045165	cell fate commitment	biological_process	6	19	3.226911710380495	1.8593629260753841	0.08859115172065757	0.23367521178492284
GO:0015271	outward rectifier potassium channel activity	molecular_function	5	15	2.54756187661618	1.9626608664129057	0.09566579290729661	0.2650013568466421
GO:0008146	sulfotransferase activity	molecular_function	5	15	2.54756187661618	1.9626608664129057	0.09566579290729661	0.2650013568466421
GO:0008080	N-acetyltransferase activity	molecular_function	5	15	2.54756187661618	1.9626608664129057	0.09566579290729661	0.2650013568466421
GO:0005125	cytokine activity	molecular_function	5	15	2.54756187661618	1.9626608664129057	0.09566579290729661	0.2650013568466421
GO:0042803	protein homodimerization activity	molecular_function	5	15	2.54756187661618	1.9626608664129057	0.09566579290729661	0.2650013568466421
GO:0048468	cell development	biological_process	10	38	6.45382342076099	1.5494691050628202	0.09795771290188476	0.24497903210711808
GO:0004725	protein tyrosine phosphatase activity	molecular_function	7	24	4.076099002585888	1.7173282581112925	0.09853834757016135	0.2650013568466421
GO:0008559	ABC-type xenobiotic transporter activity	molecular_function	3	7	1.1888622090875507	2.5234211139594502	0.10022093111126018	0.2650013568466421
GO:0005112	Notch binding	molecular_function	3	7	1.1888622090875507	2.5234211139594502	0.10022093111126018	0.2650013568466421
GO:0140297	DNA-binding transcription factor binding	molecular_function	3	7	1.1888622090875507	2.5234211139594502	0.10022093111126018	0.2650013568466421
GO:0001654	eye development	biological_process	3	7	1.1888622090875507	2.5234211139594502	0.10022093111126018	0.24497903210711808
GO:0030017	sarcomere	cellular_component	3	7	1.1888622090875507	2.5234211139594502	0.10022093111126018	0.35532875575810424
GO:0045197	establishment or maintenance of epithelial cell apical/basal polarity	biological_process	3	7	1.1888622090875507	2.5234211139594502	0.10022093111126018	0.24497903210711808
GO:0051536	iron-sulfur cluster binding	molecular_function	3	7	1.1888622090875507	2.5234211139594502	0.10022093111126018	0.2650013568466421
GO:0005518	collagen binding	molecular_function	3	7	1.1888622090875507	2.5234211139594502	0.10022093111126018	0.2650013568466421
GO:0045332	phospholipid translocation	biological_process	3	7	1.1888622090875507	2.5234211139594502	0.10022093111126018	0.24497903210711808
GO:0016757	glycosyltransferase activity	molecular_function	3	7	1.1888622090875507	2.5234211139594502	0.10022093111126018	0.2650013568466421
GO:0008013	beta-catenin binding	molecular_function	4	11	1.8682120428518656	2.1410845815413513	0.10095289784633986	0.2650013568466421
GO:0071880	adenylate cyclase-activating adrenergic receptor signaling pathway	biological_process	4	11	1.8682120428518656	2.1410845815413513	0.10095289784633986	0.24497903210711808
GO:0004312	fatty acid synthase activity	molecular_function	4	11	1.8682120428518656	2.1410845815413513	0.10095289784633986	0.2650013568466421
GO:0000184	nuclear-transcribed mRNA catabolic process, nonsense-mediated decay	biological_process	4	11	1.8682120428518656	2.1410845815413513	0.10095289784633986	0.24497903210711808
GO:0005925	focal adhesion	cellular_component	6	20	3.396749168821574	1.7663947797716149	0.10918181269563973	0.37571388486440727
GO:0022857	transmembrane transporter activity	molecular_function	42	206	34.98651643886221	1.200462471689447	0.11275451349826256	0.29192606919413183
GO:0045944	positive regulation of transcription by RNA polymerase II	biological_process	23	105	17.83293313631326	1.2897485693570523	0.11352054916721165	0.2718518414267437
GO:0046856	phosphatidylinositol dephosphorylation	biological_process	5	16	2.717399335057259	1.8399945622620988	0.12054795013170488	0.28127855030731136
GO:0030145	manganese ion binding	molecular_function	5	16	2.717399335057259	1.8399945622620988	0.12054795013170488	0.3078859807417868
GO:0007219	Notch signaling pathway	biological_process	5	16	2.717399335057259	1.8399945622620988	0.12054795013170488	0.28127855030731136
GO:0006357	regulation of transcription by RNA polymerase II	biological_process	38	187	31.759604728481715	1.1964884426260494	0.130674719622065	0.2979255602051156
GO:0020037	heme binding	molecular_function	38	187	31.759604728481715	1.1964884426260494	0.130674719622065	0.3237860407559049
GO:0042734	presynaptic membrane	cellular_component	4	12	2.038049501292944	1.9626608664129057	0.13191283141907237	0.4409657507437562
GO:0003730	mRNA 3'-UTR binding	molecular_function	4	12	2.038049501292944	1.9626608664129057	0.13191283141907237	0.3237860407559049
GO:0016791	phosphatase activity	molecular_function	4	12	2.038049501292944	1.9626608664129057	0.13191283141907237	0.3237860407559049
GO:0007155	cell adhesion	biological_process	6	21	3.5665866272626525	1.6822807426396333	0.13197988600559107	0.2979255602051156
GO:0031267	small GTPase binding	molecular_function	15	66	11.209272257111193	1.3381778634633448	0.14037270117312492	0.3275778384168548
GO:0007409	axonogenesis	biological_process	3	8	1.3586996675286296	2.2079934747145185	0.14077801196505466	0.2979255602051156
GO:0090374	oligopeptide export from mitochondrion	biological_process	3	8	1.3586996675286296	2.2079934747145185	0.14077801196505466	0.2979255602051156
GO:0007423	sensory organ development	biological_process	3	8	1.3586996675286296	2.2079934747145185	0.14077801196505466	0.2979255602051156
GO:0050321	tau-protein kinase activity	molecular_function	3	8	1.3586996675286296	2.2079934747145185	0.14077801196505466	0.3275778384168548
GO:0045214	sarcomere organization	biological_process	3	8	1.3586996675286296	2.2079934747145185	0.14077801196505466	0.2979255602051156
GO:0015421	ABC-type oligopeptide transporter activity	molecular_function	3	8	1.3586996675286296	2.2079934747145185	0.14077801196505466	0.3275778384168548
GO:0034472	snRNA 3'-end processing	biological_process	3	8	1.3586996675286296	2.2079934747145185	0.14077801196505466	0.2979255602051156
GO:0007095	mitotic G2 DNA damage checkpoint signaling	biological_process	3	8	1.3586996675286296	2.2079934747145185	0.14077801196505466	0.2979255602051156
GO:0008236	serine-type peptidase activity	molecular_function	3	8	1.3586996675286296	2.2079934747145185	0.14077801196505466	0.3275778384168548
GO:0004497	monooxygenase activity	molecular_function	14	61	10.3600849649058	1.3513402686777383	0.1421237182549317	0.3275778384168548
GO:0035091	phosphatidylinositol binding	molecular_function	9	36	6.114148503878833	1.4719956498096791	0.14477570989559466	0.32966999000322156
GO:0007399	nervous system development	biological_process	5	17	2.887236793498338	1.7317595880113872	0.14809660071263195	0.3062906969283979
GO:0008234	cysteine-type peptidase activity	molecular_function	5	17	2.887236793498338	1.7317595880113872	0.14809660071263195	0.33321735160342186
GO:0032222	regulation of synaptic transmission, cholinergic	biological_process	5	17	2.887236793498338	1.7317595880113872	0.14809660071263195	0.3062906969283979
GO:0016705	oxidoreductase activity, acting on paired donors, with incorporation or reduction of molecular oxygen	molecular_function	14	62	10.529922423346878	1.3295444578926134	0.15649403221987362	0.34516250759541484
GO:0030431	sleep	biological_process	6	22	3.736424085703731	1.6058134361560137	0.15682713840885712	0.3171393243379111
GO:0007015	actin filament organization	biological_process	6	22	3.736424085703731	1.6058134361560137	0.15682713840885712	0.3171393243379111
GO:0000122	negative regulation of transcription by RNA polymerase II	biological_process	13	57	9.680735131141486	1.3428732243877775	0.15877819213570693	0.31755638427141386
GO:0004252	serine-type endopeptidase activity	molecular_function	54	279	47.38465090506095	1.1396095353365259	0.16141582136173213	0.34516250759541484
GO:0016747	acyltransferase activity, transferring groups other than amino-acyl groups	molecular_function	7	27	4.5856113779091245	1.5265140072100376	0.16144872977161598	0.34516250759541484
GO:0016226	iron-sulfur cluster assembly	biological_process	4	13	2.2078869597340227	1.811686953611913	0.16618935550890343	0.3252307817486067
GO:0031625	ubiquitin protein ligase binding	molecular_function	4	13	2.2078869597340227	1.811686953611913	0.16618935550890343	0.34516250759541484
GO:0005044	scavenger receptor activity	molecular_function	4	13	2.2078869597340227	1.811686953611913	0.16618935550890343	0.34516250759541484
GO:0140662	ATP-dependent protein folding chaperone	molecular_function	4	13	2.2078869597340227	1.811686953611913	0.16618935550890343	0.34516250759541484
GO:0006261	DNA-templated DNA replication	biological_process	4	13	2.2078869597340227	1.811686953611913	0.16618935550890343	0.3252307817486067
GO:0008417	fucosyltransferase activity	molecular_function	4	13	2.2078869597340227	1.811686953611913	0.16618935550890343	0.34516250759541484
GO:0006397	mRNA processing	biological_process	5	18	3.0570742519394165	1.6355507220107546	0.1780103781081957	0.3345883926363198
GO:0031410	cytoplasmic vesicle	cellular_component	5	18	3.0570742519394165	1.6355507220107546	0.1780103781081957	0.5570345218066204
GO:0009791	post-embryonic development	biological_process	6	23	3.90626154414481	1.5359954606709696	0.1835279729556731	0.3345883926363198
GO:0006567	L-threonine catabolic process	biological_process	3	9	1.5285371259697083	1.9626608664129055	0.18567817393554012	0.3345883926363198
GO:0000407	phagophore assembly site	cellular_component	3	9	1.5285371259697083	1.9626608664129055	0.18567817393554012	0.5570345218066204
GO:0007417	central nervous system development	biological_process	3	9	1.5285371259697083	1.9626608664129055	0.18567817393554012	0.3345883926363198
GO:0034976	response to endoplasmic reticulum stress	biological_process	3	9	1.5285371259697083	1.9626608664129055	0.18567817393554012	0.3345883926363198
GO:0004568	chitinase activity	molecular_function	3	9	1.5285371259697083	1.9626608664129055	0.18567817393554012	0.36940184077702193
GO:0001708	cell fate specification	biological_process	3	9	1.5285371259697083	1.9626608664129055	0.18567817393554012	0.3345883926363198
GO:0004653	polypeptide N-acetylgalactosaminyltransferase activity	molecular_function	3	9	1.5285371259697083	1.9626608664129055	0.18567817393554012	0.36940184077702193
GO:0005242	inward rectifier potassium channel activity	molecular_function	3	9	1.5285371259697083	1.9626608664129055	0.18567817393554012	0.36940184077702193
GO:0072686	mitotic spindle	cellular_component	3	9	1.5285371259697083	1.9626608664129055	0.18567817393554012	0.5570345218066204
GO:0006898	receptor-mediated endocytosis	biological_process	3	9	1.5285371259697083	1.9626608664129055	0.18567817393554012	0.3345883926363198
GO:0022848	acetylcholine-gated monoatomic cation-selective channel activity	molecular_function	3	9	1.5285371259697083	1.9626608664129055	0.18567817393554012	0.36940184077702193
GO:0030139	endocytic vesicle	cellular_component	3	9	1.5285371259697083	1.9626608664129055	0.18567817393554012	0.5570345218066204
GO:0030866	cortical actin cytoskeleton organization	biological_process	3	9	1.5285371259697083	1.9626608664129055	0.18567817393554012	0.3345883926363198
GO:0006355	regulation of DNA-templated transcription	biological_process	18	86	14.606021425932767	1.2323684510034523	0.1992238905202355	0.3554779223008124
GO:0031901	early endosome membrane	cellular_component	4	14	2.3777244181751014	1.6822807426396336	0.20318835155371978	0.5943259282946304
GO:0000902	cell morphogenesis	biological_process	4	14	2.3777244181751014	1.6822807426396336	0.20318835155371978	0.3590318444929806
GO:0005769	early endosome	cellular_component	7	29	4.925286294791282	1.4212371791265868	0.2112477773123004	0.6028290230619304
GO:0036503	ERAD pathway	biological_process	6	24	4.076099002585888	1.4719956498096793	0.21185784808417682	0.3707512341473094
GO:0030054	cell junction	cellular_component	3	10	1.698374584410787	1.7663947797716149	0.23361029592764196	0.6297587777781496
GO:0016342	catenin complex	cellular_component	3	10	1.698374584410787	1.7663947797716149	0.23361029592764196	0.6297587777781496
GO:0005262	calcium channel activity	molecular_function	3	10	1.698374584410787	1.7663947797716149	0.23361029592764196	0.45517882402396215
GO:0017147	Wnt-protein binding	molecular_function	3	10	1.698374584410787	1.7663947797716149	0.23361029592764196	0.45517882402396215
GO:0007420	brain development	biological_process	3	10	1.698374584410787	1.7663947797716149	0.23361029592764196	0.40492451294124604
GO:0016251	RNA polymerase II general transcription initiation factor activity	molecular_function	4	15	2.54756187661618	1.5701286931303247	0.24228746378878271	0.4557216976071128
GO:0005319	lipid carrier activity	molecular_function	4	15	2.54756187661618	1.5701286931303247	0.24228746378878271	0.4557216976071128
GO:0005178	integrin binding	molecular_function	4	15	2.54756187661618	1.5701286931303247	0.24228746378878271	0.4557216976071128
GO:0009966	regulation of signal transduction	biological_process	5	20	3.396749168821574	1.4719956498096791	0.24353381723977988	0.4181429692230183
GO:0051087	protein-folding chaperone binding	molecular_function	5	20	3.396749168821574	1.4719956498096791	0.24353381723977988	0.4557216976071128
GO:0045087	innate immune response	biological_process	6	26	4.415773919468045	1.3587652152089347	0.27241183732929386	0.42975784398233086
GO:0004866	endopeptidase inhibitor activity	molecular_function	6	26	4.415773919468045	1.3587652152089347	0.27241183732929386	0.4913251286177671
GO:0019367	fatty acid elongation, saturated fatty acid	biological_process	5	21	3.5665866272626525	1.401900618866361	0.27839442075046394	0.42975784398233086
GO:1990904	ribonucleoprotein complex	cellular_component	5	21	3.5665866272626525	1.401900618866361	0.27839442075046394	0.6297587777781496
GO:0042277	peptide binding	molecular_function	5	21	3.5665866272626525	1.401900618866361	0.27839442075046394	0.4913251286177671
GO:0009922	fatty acid elongase activity	molecular_function	5	21	3.5665866272626525	1.401900618866361	0.27839442075046394	0.4913251286177671
GO:0034625	fatty acid elongation, monounsaturated fatty acid	biological_process	5	21	3.5665866272626525	1.401900618866361	0.27839442075046394	0.42975784398233086
GO:0034626	fatty acid elongation, polyunsaturated fatty acid	biological_process	5	21	3.5665866272626525	1.401900618866361	0.27839442075046394	0.42975784398233086
GO:0005783	endoplasmic reticulum	cellular_component	23	119	20.210657554488364	1.1380134435503402	0.28099526074381165	0.6297587777781496
GO:1990837	sequence-specific double-stranded DNA binding	molecular_function	4	16	2.717399335057259	1.4719956498096791	0.2828673016744755	0.4913251286177671
GO:0006633	fatty acid biosynthetic process	biological_process	4	16	2.717399335057259	1.4719956498096791	0.2828673016744755	0.42975784398233086
GO:0030672	synaptic vesicle membrane	cellular_component	4	16	2.717399335057259	1.4719956498096791	0.2828673016744755	0.6297587777781496
GO:0048598	embryonic morphogenesis	biological_process	4	16	2.717399335057259	1.4719956498096791	0.2828673016744755	0.42975784398233086
GO:0034703	cation channel complex	cellular_component	4	16	2.717399335057259	1.4719956498096791	0.2828673016744755	0.6297587777781496
GO:0043066	negative regulation of apoptotic process	biological_process	4	16	2.717399335057259	1.4719956498096791	0.2828673016744755	0.42975784398233086
GO:0030674	protein-macromolecule adaptor activity	molecular_function	4	16	2.717399335057259	1.4719956498096791	0.2828673016744755	0.4913251286177671
GO:0060070	canonical Wnt signaling pathway	biological_process	4	16	2.717399335057259	1.4719956498096791	0.2828673016744755	0.42975784398233086
GO:0042981	regulation of apoptotic process	biological_process	4	16	2.717399335057259	1.4719956498096791	0.2828673016744755	0.42975784398233086
GO:0006915	apoptotic process	biological_process	4	16	2.717399335057259	1.4719956498096791	0.2828673016744755	0.42975784398233086
GO:0005249	voltage-gated potassium channel activity	molecular_function	3	11	1.8682120428518656	1.6058134361560137	0.28335682020813024	0.4913251286177671
GO:0007032	endosome organization	biological_process	3	11	1.8682120428518656	1.6058134361560137	0.28335682020813024	0.42975784398233086
GO:0008198	ferrous iron binding	molecular_function	3	11	1.8682120428518656	1.6058134361560137	0.28335682020813024	0.4913251286177671
GO:0014069	postsynaptic density	cellular_component	3	11	1.8682120428518656	1.6058134361560137	0.28335682020813024	0.6297587777781496
GO:0004715	non-membrane spanning protein tyrosine kinase activity	molecular_function	3	11	1.8682120428518656	1.6058134361560137	0.28335682020813024	0.4913251286177671
GO:0016197	endosomal transport	biological_process	3	11	1.8682120428518656	1.6058134361560137	0.28335682020813024	0.42975784398233086
GO:0033627	cell adhesion mediated by integrin	biological_process	3	11	1.8682120428518656	1.6058134361560137	0.28335682020813024	0.42975784398233086
GO:0010494	cytoplasmic stress granule	cellular_component	3	11	1.8682120428518656	1.6058134361560137	0.28335682020813024	0.6297587777781496
GO:0090575	RNA polymerase II transcription regulator complex	cellular_component	3	11	1.8682120428518656	1.6058134361560137	0.28335682020813024	0.6297587777781496
GO:0008305	integrin complex	cellular_component	3	11	1.8682120428518656	1.6058134361560137	0.28335682020813024	0.6297587777781496
GO:0005635	nuclear envelope	cellular_component	3	11	1.8682120428518656	1.6058134361560137	0.28335682020813024	0.6297587777781496
GO:0031032	actomyosin structure organization	biological_process	3	11	1.8682120428518656	1.6058134361560137	0.28335682020813024	0.42975784398233086
GO:0005774	vacuolar membrane	cellular_component	8	37	6.283985962319911	1.2730773187543172	0.28527534377984554	0.6297587777781496
GO:0048666	neuron development	biological_process	7	32	5.434798670114518	1.2879961935834692	0.29447086320377447	0.43929259920563074
GO:0045893	positive regulation of DNA-templated transcription	biological_process	7	32	5.434798670114518	1.2879961935834692	0.29447086320377447	0.43929259920563074
GO:0004888	transmembrane signaling receptor activity	molecular_function	6	27	4.5856113779091245	1.3084405776086037	0.30411558234577357	0.5225258642122836
GO:0006351	DNA-templated transcription	biological_process	5	22	3.736424085703731	1.3381778634633446	0.3141495037921131	0.4648391031720698
GO:0005198	structural molecule activity	molecular_function	5	22	3.736424085703731	1.3381778634633446	0.3141495037921131	0.5349032091595439
GO:0055037	recycling endosome	cellular_component	4	17	2.887236793498338	1.3854076704091096	0.3243352096627352	0.7027262876025929
GO:0031146	SCF-dependent proteasomal ubiquitin-dependent protein catabolic process	biological_process	4	17	2.887236793498338	1.3854076704091096	0.3243352096627352	0.46737340972627595
GO:1905515	non-motile cilium assembly	biological_process	4	17	2.887236793498338	1.3854076704091096	0.3243352096627352	0.46737340972627595
GO:0001227	DNA-binding transcription repressor activity, RNA polymerase II-specific	molecular_function	4	17	2.887236793498338	1.3854076704091096	0.3243352096627352	0.5392770112226261
GO:0061630	ubiquitin protein ligase activity	molecular_function	21	111	18.851957886959735	1.1139426539100274	0.32957773954771274	0.5392770112226261
GO:0006874	intracellular calcium ion homeostasis	biological_process	3	12	2.038049501292944	1.4719956498096793	0.3338381498044828	0.46737340972627595
GO:0070593	dendrite self-avoidance	biological_process	3	12	2.038049501292944	1.4719956498096793	0.3338381498044828	0.46737340972627595
GO:0001664	G protein-coupled receptor binding	molecular_function	3	12	2.038049501292944	1.4719956498096793	0.3338381498044828	0.5392770112226261
GO:0019706	protein-cysteine S-palmitoyltransferase activity	molecular_function	3	12	2.038049501292944	1.4719956498096793	0.3338381498044828	0.5392770112226261
GO:0072659	protein localization to plasma membrane	biological_process	3	12	2.038049501292944	1.4719956498096793	0.3338381498044828	0.46737340972627595
GO:0034198	cellular response to amino acid starvation	biological_process	3	12	2.038049501292944	1.4719956498096793	0.3338381498044828	0.46737340972627595
GO:0032039	integrator complex	cellular_component	3	12	2.038049501292944	1.4719956498096793	0.3338381498044828	0.7101647914022634
GO:0008239	dipeptidyl-peptidase activity	molecular_function	3	12	2.038049501292944	1.4719956498096793	0.3338381498044828	0.5392770112226261
GO:0044877	protein-containing complex binding	molecular_function	3	12	2.038049501292944	1.4719956498096793	0.3338381498044828	0.5392770112226261
GO:0002009	morphogenesis of an epithelium	biological_process	3	12	2.038049501292944	1.4719956498096793	0.3338381498044828	0.46737340972627595
GO:0004843	cysteine-type deubiquitinase activity	molecular_function	8	39	6.623660879202069	1.2077913024079419	0.3393822638398059	0.5435868463196891
GO:0045892	negative regulation of DNA-templated transcription	biological_process	5	23	3.90626154414481	1.279996217225808	0.3504332623577911	0.4868614790009006
GO:0005681	spliceosomal complex	cellular_component	5	23	3.90626154414481	1.279996217225808	0.3504332623577911	0.7321552088546708
GO:0006032	chitin catabolic process	biological_process	4	18	3.0570742519394165	1.3084405776086037	0.3661423043926033	0.5048325712079833
GO:0016192	vesicle-mediated transport	biological_process	11	57	9.680735131141486	1.1362773437127347	0.37266180805672544	0.5083977891817888
GO:0010468	regulation of gene expression	biological_process	17	91	15.45520871813816	1.0999527932643758	0.3743148557712072	0.5083977891817888
GO:0015020	glucuronosyltransferase activity	molecular_function	7	35	5.944311045437754	1.1775965198477434	0.3833476211792512	0.6000090656992281
GO:0005884	actin filament	cellular_component	3	13	2.2078869597340227	1.3587652152089347	0.3841327880931566	0.7617548509643953
GO:0098632	cell-cell adhesion mediator activity	molecular_function	3	13	2.2078869597340227	1.3587652152089347	0.3841327880931566	0.6000090656992281
GO:0030018	Z disc	cellular_component	3	13	2.2078869597340227	1.3587652152089347	0.3841327880931566	0.7617548509643953
GO:0048812	neuron projection morphogenesis	biological_process	3	13	2.2078869597340227	1.3587652152089347	0.3841327880931566	0.5139845748068497
GO:0005868	cytoplasmic dynein complex	cellular_component	3	13	2.2078869597340227	1.3587652152089347	0.3841327880931566	0.7617548509643953
GO:0005385	zinc ion transmembrane transporter activity	molecular_function	3	13	2.2078869597340227	1.3587652152089347	0.3841327880931566	0.6000090656992281
GO:0007229	integrin-mediated signaling pathway	biological_process	3	13	2.2078869597340227	1.3587652152089347	0.3841327880931566	0.5139845748068497
GO:0030148	sphingolipid biosynthetic process	biological_process	5	24	4.076099002585888	1.2266630415080662	0.38690047664032096	0.5139845748068497
GO:0007411	axon guidance	biological_process	8	41	6.963335796084226	1.1488746535099936	0.394793324708847	0.5206694572247113
GO:0006890	retrograde vesicle-mediated transport, Golgi to endoplasmic reticulum	biological_process	4	19	3.226911710380495	1.239575284050256	0.40779470126963213	0.5301331116505217
GO:0000209	protein polyubiquitination	biological_process	4	19	3.226911710380495	1.239575284050256	0.40779470126963213	0.5301331116505217
GO:0098793	presynapse	cellular_component	4	19	3.226911710380495	1.239575284050256	0.40779470126963213	0.7802662874143143
GO:0009986	cell surface	cellular_component	4	19	3.226911710380495	1.239575284050256	0.40779470126963213	0.7802662874143143
GO:0004197	cysteine-type endopeptidase activity	molecular_function	4	19	3.226911710380495	1.239575284050256	0.40779470126963213	0.6317475290160695
GO:0042761	very long-chain fatty acid biosynthetic process	biological_process	5	25	4.245936461026967	1.1775965198477434	0.4232326771713422	0.546300335072229
GO:0005758	mitochondrial intermembrane space	cellular_component	5	25	4.245936461026967	1.1775965198477434	0.4232326771713422	0.7802662874143143
GO:0033290	eukaryotic 48S preinitiation complex	cellular_component	3	14	2.3777244181751014	1.2617105569797251	0.4334812707857301	0.7802662874143143
GO:0045296	cadherin binding	molecular_function	3	14	2.3777244181751014	1.2617105569797251	0.4334812707857301	0.6569239485553734
GO:0048646	anatomical structure formation involved in morphogenesis	biological_process	3	14	2.3777244181751014	1.2617105569797251	0.4334812707857301	0.54787216168752
GO:0005179	hormone activity	molecular_function	3	14	2.3777244181751014	1.2617105569797251	0.4334812707857301	0.6569239485553734
GO:0016459	myosin complex	cellular_component	3	14	2.3777244181751014	1.2617105569797251	0.4334812707857301	0.7802662874143143
GO:0007476	imaginal disc-derived wing morphogenesis	biological_process	3	14	2.3777244181751014	1.2617105569797251	0.4334812707857301	0.54787216168752
GO:0031122	cytoplasmic microtubule organization	biological_process	3	14	2.3777244181751014	1.2617105569797251	0.4334812707857301	0.54787216168752
GO:0005604	basement membrane	cellular_component	3	14	2.3777244181751014	1.2617105569797251	0.4334812707857301	0.7802662874143143
GO:0019901	protein kinase binding	molecular_function	6	31	5.264961211673439	1.1396095353365259	0.434473510949321	0.6569239485553734
GO:0005975	carbohydrate metabolic process	biological_process	20	114	19.36147026228297	1.0329794033752133	0.4753371740138815	0.5966301080725961
GO:0030687	preribosome, large subunit precursor	cellular_component	3	15	2.54756187661618	1.1775965198477434	0.481279722534967	0.8263137850048545
GO:0006493	protein O-linked glycosylation	biological_process	3	15	2.54756187661618	1.1775965198477434	0.481279722534967	0.5999514349408492
GO:0004842	ubiquitin-protein transferase activity	molecular_function	3	15	2.54756187661618	1.1775965198477434	0.481279722534967	0.7219195838024505
GO:0006897	endocytosis	biological_process	4	21	3.5665866272626525	1.1215204950930888	0.4889694520480668	0.6053907501547493
GO:0032580	Golgi cisterna membrane	cellular_component	4	21	3.5665866272626525	1.1215204950930888	0.4889694520480668	0.8263137850048545
GO:0015630	microtubule cytoskeleton	cellular_component	4	21	3.5665866272626525	1.1215204950930888	0.4889694520480668	0.8263137850048545
GO:0016607	nuclear speck	cellular_component	5	27	4.5856113779091245	1.0903671480071697	0.4943757688063232	0.8263137850048545
GO:0048471	perinuclear region of cytoplasm	cellular_component	5	27	4.5856113779091245	1.0903671480071697	0.4943757688063232	0.8263137850048545
GO:0006338	chromatin remodeling	biological_process	5	27	4.5856113779091245	1.0903671480071697	0.4943757688063232	0.6079485805591271
GO:0045505	dynein intermediate chain binding	molecular_function	5	27	4.5856113779091245	1.0903671480071697	0.4943757688063232	0.7357245693259455
GO:0016579	protein deubiquitination	biological_process	6	33	5.604636128555597	1.0705422907706759	0.49857184050825193	0.6089937917617574
GO:0003743	translation initiation factor activity	molecular_function	7	39	6.623660879202069	1.0568173896069493	0.502025551459097	0.7412721033263229
GO:0003682	chromatin binding	molecular_function	11	63	10.699759881787957	1.0280604538353315	0.512015697929702	0.7501625341760751
GO:0005654	nucleoplasm	cellular_component	17	99	16.81390838566679	1.0110677190611939	0.5220007834800201	0.8345235749226844
GO:0042811	pheromone biosynthetic process	biological_process	3	16	2.717399335057259	1.1039967373572592	0.5270672042720037	0.6278623265213515
GO:0006887	exocytosis	biological_process	3	16	2.717399335057259	1.1039967373572592	0.5270672042720037	0.6278623265213515
GO:0004467	long-chain fatty acid-CoA ligase activity	molecular_function	3	16	2.717399335057259	1.1039967373572592	0.5270672042720037	0.7566842671204617
GO:0051726	regulation of cell cycle	biological_process	3	16	2.717399335057259	1.1039967373572592	0.5270672042720037	0.6278623265213515
GO:0005858	axonemal dynein complex	cellular_component	3	16	2.717399335057259	1.1039967373572592	0.5270672042720037	0.8345235749226844
GO:0043025	neuronal cell body	cellular_component	4	22	3.736424085703731	1.0705422907706756	0.527818329438279	0.8345235749226844
GO:1990573	potassium ion import across plasma membrane	biological_process	4	22	3.736424085703731	1.0705422907706756	0.527818329438279	0.6278623265213515
GO:0005814	centriole	cellular_component	4	22	3.736424085703731	1.0705422907706756	0.527818329438279	0.8345235749226844
GO:0015276	ligand-gated monoatomic ion channel activity	molecular_function	5	28	4.755448836350203	1.051425464149771	0.5287136338991638	0.7566842671204617
GO:0015179	L-amino acid transmembrane transporter activity	molecular_function	7	40	6.793498337643148	1.0303969548667753	0.5306674383709683	0.7566842671204617
GO:0043565	sequence-specific DNA binding	molecular_function	12	70	11.888622090875508	1.00936844558378	0.5355524765416053	0.7566842671204617
GO:0008010	structural constituent of chitin-based larval cuticle	molecular_function	13	76	12.90764684152198	1.007154918290833	0.5364851417679464	0.7566842671204617
GO:0062129	chitin-based extracellular matrix	cellular_component	13	76	12.90764684152198	1.007154918290833	0.5364851417679464	0.8369168211579964
GO:0030170	pyridoxal phosphate binding	molecular_function	7	41	6.963335796084226	1.0052653218212444	0.5586415205955229	0.782098128833732
GO:0050906	detection of stimulus involved in sensory perception	biological_process	6	35	5.944311045437754	1.00936844558378	0.5599517547687924	0.6617611647267547
GO:0006491	N-glycan processing	biological_process	4	23	3.90626154414481	1.0239969737806462	0.5651625540868028	0.6636102247986976
GO:0015629	actin cytoskeleton	cellular_component	4	23	3.90626154414481	1.0239969737806462	0.5651625540868028	0.8557646618181277
GO:0005789	endoplasmic reticulum membrane	cellular_component	57	340	57.74473586996675	0.9871029651664908	0.5666754458147993	0.8557646618181277
GO:0016460	myosin II complex	cellular_component	3	17	2.887236793498338	1.0390557528068323	0.5705097745454184	0.8557646618181277
GO:0060090	molecular adaptor activity	molecular_function	3	17	2.887236793498338	1.0390557528068323	0.5705097745454184	0.7870536305772561
GO:0003684	damaged DNA binding	molecular_function	3	17	2.887236793498338	1.0390557528068323	0.5705097745454184	0.7870536305772561
GO:0016567	protein ubiquitination	biological_process	11	66	11.209272257111193	0.9813304332064527	0.5786301664326956	0.6750685275048115
GO:0030424	axon	cellular_component	9	54	9.171222755818249	0.9813304332064527	0.5813243411101272	0.8609487077200618
GO:0102965	alcohol-forming long-chain fatty acyl-CoA reductase (NADP+) activity	molecular_function	5	30	5.09512375323236	0.9813304332064529	0.5939988130609049	0.8053477251764734
GO:0080019	alcohol-forming very long-chain fatty acyl-CoA reductase (NADP+) activity	molecular_function	5	30	5.09512375323236	0.9813304332064529	0.5939988130609049	0.8053477251764734
GO:0038023	signaling receptor activity	molecular_function	4	24	4.076099002585888	0.9813304332064529	0.6008149695760991	0.8053477251764734
GO:0019005	SCF ubiquitin ligase complex	cellular_component	4	24	4.076099002585888	0.9813304332064529	0.6008149695760991	0.8786918930050451
GO:0004693	cyclin-dependent protein serine/threonine kinase activity	molecular_function	4	24	4.076099002585888	0.9813304332064529	0.6008149695760991	0.8053477251764734
GO:0005507	copper ion binding	molecular_function	3	18	3.0570742519394165	0.9813304332064527	0.6113832685759814	0.8080520123137096
GO:0008194	UDP-glycosyltransferase activity	molecular_function	3	18	3.0570742519394165	0.9813304332064527	0.6113832685759814	0.8080520123137096
GO:0007160	cell-matrix adhesion	biological_process	3	18	3.0570742519394165	0.9813304332064527	0.6113832685759814	0.7042516131698013
GO:0006368	transcription elongation by RNA polymerase II	biological_process	3	18	3.0570742519394165	0.9813304332064527	0.6113832685759814	0.7042516131698013
GO:0005788	endoplasmic reticulum lumen	cellular_component	3	18	3.0570742519394165	0.9813304332064527	0.6113832685759814	0.883109165720862
GO:0005694	chromosome	cellular_component	10	62	10.529922423346878	0.9496746127804382	0.6238555778204213	0.8901353976218207
GO:0035336	long-chain fatty-acyl-CoA metabolic process	biological_process	5	31	5.264961211673439	0.9496746127804382	0.6246767557746709	0.7150388022074848
GO:0004867	serine-type endopeptidase inhibitor activity	molecular_function	9	56	9.510897672700406	0.9462829177347938	0.6275487596587244	0.8236577470520757
GO:0006820	monoatomic anion transport	biological_process	4	25	4.245936461026967	0.9420772158781947	0.6346401681293863	0.7219031912471768
GO:0012505	endomembrane system	cellular_component	18	112	19.02179534540081	0.9462829177347938	0.6409753265814009	0.9035435326508904
GO:0005254	chloride channel activity	molecular_function	3	19	3.226911710380495	0.9296814630376921	0.6495561249459219	0.8351435892161853
GO:0005200	structural constituent of cytoskeleton	molecular_function	3	19	3.226911710380495	0.9296814630376921	0.6495561249459219	0.8351435892161853
GO:0032981	mitochondrial respiratory chain complex I assembly	biological_process	3	19	3.226911710380495	0.9296814630376921	0.6495561249459219	0.7252712560745876
GO:0008237	metallopeptidase activity	molecular_function	3	19	3.226911710380495	0.9296814630376921	0.6495561249459219	0.8351435892161853
GO:0043171	peptide catabolic process	biological_process	3	19	3.226911710380495	0.9296814630376921	0.6495561249459219	0.7252712560745876
GO:0031123	RNA 3'-end processing	biological_process	3	19	3.226911710380495	0.9296814630376921	0.6495561249459219	0.7252712560745876
GO:0071013	catalytic step 2 spliceosome	cellular_component	7	45	7.642685629848541	0.9159084043260226	0.6620444127424163	0.9054395976106745
GO:0005759	mitochondrial matrix	cellular_component	10	64	10.869597340229037	0.9199972811310494	0.6653934816640146	0.9054395976106745
GO:0005765	lysosomal membrane	cellular_component	8	52	8.83154783893609	0.9058434768059564	0.6774808811610098	0.9054395976106745
GO:0005819	spindle	cellular_component	3	20	3.396749168821574	0.8831973898858074	0.6849731018874794	0.9054395976106745
GO:0042147	retrograde transport, endosome to Golgi	biological_process	3	20	3.396749168821574	0.8831973898858074	0.6849731018874794	0.750994605683863
GO:0055085	transmembrane transport	biological_process	3	20	3.396749168821574	0.8831973898858074	0.6849731018874794	0.750994605683863
GO:0007608	sensory perception of smell	biological_process	3	20	3.396749168821574	0.8831973898858074	0.6849731018874794	0.750994605683863
GO:0031966	mitochondrial membrane	cellular_component	3	20	3.396749168821574	0.8831973898858074	0.6849731018874794	0.9054395976106745
GO:0016491	oxidoreductase activity	molecular_function	9	59	10.020410048023642	0.8981668371720076	0.6914190382175682	0.8829607988048676
GO:0016592	mediator complex	cellular_component	4	27	4.5856113779091245	0.8722937184057358	0.6964919981620573	0.9054395976106745
GO:0000932	P-body	cellular_component	4	27	4.5856113779091245	0.8722937184057358	0.6964919981620573	0.9054395976106745
GO:0005813	centrosome	cellular_component	7	47	7.982360546730698	0.8769335786100216	0.7077850579302477	0.9100093601960327
GO:0042393	histone binding	molecular_function	5	34	5.774473586996676	0.8658797940056936	0.7078601240128145	0.8923291528070731
GO:0003925	G protein activity	molecular_function	3	21	3.5665866272626525	0.8411403713198167	0.7176403768607149	0.8923291528070731
GO:0003899	DNA-directed RNA polymerase activity	molecular_function	3	21	3.5665866272626525	0.8411403713198167	0.7176403768607149	0.8923291528070731
GO:0016787	hydrolase activity	molecular_function	3	21	3.5665866272626525	0.8411403713198167	0.7176403768607149	0.8923291528070731
GO:0006606	protein import into nucleus	biological_process	4	28	4.755448836350203	0.8411403713198168	0.7244550588725396	0.7895258725437259
GO:0004190	aspartic-type endopeptidase activity	molecular_function	4	28	4.755448836350203	0.8411403713198168	0.7244550588725396	0.8949150727249019
GO:0000139	Golgi membrane	cellular_component	20	132	22.418544514222386	0.8921185756422298	0.7475805080290748	0.9305987261256355
GO:0007623	circadian rhythm	biological_process	3	22	3.736424085703731	0.8029067180780068	0.74761227908531	0.8099133023424192
GO:0008289	lipid binding	molecular_function	3	22	3.736424085703731	0.8029067180780068	0.74761227908531	0.9034108750101376
GO:0003723	RNA binding	molecular_function	51	324	55.027336534909495	0.9268120758060943	0.7490886169039122	0.9034108750101376
GO:0031514	motile cilium	cellular_component	4	29	4.925286294791282	0.8121355309294782	0.7504524199819662	0.9305987261256355
GO:0004722	protein serine/threonine phosphatase activity	molecular_function	4	29	4.925286294791282	0.8121355309294782	0.7504524199819662	0.9034108750101376
GO:0005802	trans-Golgi network	cellular_component	4	29	4.925286294791282	0.8121355309294782	0.7504524199819662	0.9305987261256355
GO:0003755	peptidyl-prolyl cis-trans isomerase activity	molecular_function	4	29	4.925286294791282	0.8121355309294782	0.7504524199819662	0.9034108750101376
GO:0031902	late endosome membrane	cellular_component	5	36	6.114148503878833	0.8177753610053773	0.755614350272952	0.9305987261256355
GO:0005525	GTP binding	molecular_function	24	158	26.83431843369043	0.8943771036818304	0.758093196138857	0.9068330004445819
GO:0000287	magnesium ion binding	molecular_function	7	50	8.491872922053934	0.8243175638934204	0.7682796525773343	0.9118128019656131
GO:0003924	GTPase activity	molecular_function	17	115	19.531307720724048	0.8703974277135494	0.771905017537027	0.9118128019656131
GO:0031201	SNARE complex	cellular_component	3	23	3.90626154414481	0.7679977303354848	0.774979737835086	0.9328404175870951
GO:0003714	transcription corepressor activity	molecular_function	5	37	6.283985962319911	0.7956733242214482	0.7771881604102402	0.9123513187424558
GO:0005667	transcription regulator complex	cellular_component	11	77	13.077484299963059	0.8411403713198167	0.7799797972174556	0.9328404175870951
GO:0036064	ciliary basal body	cellular_component	6	44	7.472848171407462	0.8029067180780068	0.7813535121669686	0.9328404175870951
GO:0004181	metallocarboxypeptidase activity	molecular_function	5	38	6.45382342076099	0.7747345525314101	0.7972659324138138	0.9301435878161162
GO:0050909	sensory perception of taste	biological_process	3	24	4.076099002585888	0.7359978249048397	0.7998604190149412	0.861388143554552
GO:0016298	lipase activity	molecular_function	9	66	11.209272257111193	0.8029067180780068	0.8116462463871202	0.9402653684538291
GO:0046982	protein heterodimerization activity	molecular_function	5	39	6.623660879202069	0.7548695640049637	0.8158916424678729	0.9402653684538291
GO:0005768	endosome	cellular_component	3	25	4.245936461026967	0.706557911908646	0.8223904532266078	0.9682122381816298
GO:0005930	axoneme	cellular_component	6	47	7.982360546730698	0.7516573530943043	0.8328086367711951	0.9682122381816298
GO:0005874	microtubule	cellular_component	4	33	5.604636128555597	0.7136948605137838	0.8358071457807232	0.9682122381816298
GO:0003824	catalytic activity	molecular_function	3	26	4.415773919468045	0.6793826076044673	0.8427176184641236	0.9599052059531579
GO:0046872	metal ion binding	molecular_function	22	154	26.154968599926118	0.8411403713198167	0.8430913449112392	0.9599052059531579
GO:0000785	chromatin	cellular_component	7	55	9.341060214259327	0.7493796035394731	0.8478058130757148	0.9724831385280258
GO:0003697	single-stranded DNA binding	molecular_function	4	34	5.774473586996676	0.6927038352045548	0.8528667486831113	0.9652204521024433
GO:0000398	mRNA splicing, via spliceosome	biological_process	10	76	12.90764684152198	0.7747345525314101	0.8530862123277422	0.9133040626097004
GO:0043161	proteasome-mediated ubiquitin-dependent protein catabolic process	biological_process	7	56	9.510897672700406	0.7359978249048397	0.8607316659496035	0.9161003696071803
GO:0000149	SNARE binding	molecular_function	3	27	4.5856113779091245	0.6542202888043018	0.860995821001882	0.9686202986271172
GO:0005829	cytosol	cellular_component	62	412	69.97303287772442	0.8860556338660205	0.8724198644195202	0.9910012052144065
GO:0017171	serine hydrolase activity	molecular_function	7	57	9.680735131141486	0.7230855823626494	0.872746517384404	0.9750381335718566
GO:0003712	transcription coregulator activity	molecular_function	5	43	7.303010712966383	0.6846491394463624	0.8770184270223049	0.9750381335718566
GO:0005549	odorant binding	molecular_function	15	113	19.19163280384189	0.7815906105184137	0.8839657403685833	0.9752030234006405
GO:0000049	tRNA binding	molecular_function	3	29	4.925286294791282	0.6091016481971087	0.8920262846661073	0.9752030234006405
GO:0008061	chitin binding	molecular_function	9	73	12.398134466198744	0.7259156629198418	0.8926461536947662	0.9752030234006405
GO:0006457	protein folding	biological_process	6	52	8.83154783893609	0.6793826076044673	0.8965357577928027	0.9486599297575006
GO:0005778	peroxisomal membrane	cellular_component	3	30	5.09512375323236	0.5887982599238717	0.9050822934443271	0.999979510498279
GO:0016616	oxidoreductase activity, acting on the CH-OH group of donors, NAD or NADP as acceptor	molecular_function	6	54	9.171222755818249	0.6542202888043018	0.915486817266656	0.9861330151739419
GO:0022625	cytosolic large ribosomal subunit	cellular_component	3	31	5.264961211673439	0.5698047676682629	0.9166923750735712	0.999979510498279
GO:0030246	carbohydrate binding	molecular_function	4	39	6.623660879202069	0.6038956512039709	0.9171751941662758	0.9861330151739419
GO:0031012	extracellular matrix	cellular_component	19	145	24.62643147395641	0.7715287543830043	0.9175254423928487	0.999979510498279
GO:0004984	olfactory receptor activity	molecular_function	8	69	11.71878463243443	0.6826646491870976	0.9185053821662754	0.9861330151739419
GO:0005764	lysosome	cellular_component	5	47	7.982360546730698	0.6263811275785869	0.9199492337075402	0.999979510498279
GO:0003713	transcription coactivator activity	molecular_function	4	40	6.793498337643148	0.5887982599238717	0.9265148809038737	0.9861330151739419
GO:0005840	ribosome	cellular_component	3	32	5.434798670114518	0.5519983686786296	0.9269927336849011	0.999979510498279
GO:0003729	mRNA binding	molecular_function	12	99	16.81390838566679	0.7136948605137838	0.9287390301638183	0.9861330151739419
GO:0060271	cilium assembly	biological_process	6	56	9.510897672700406	0.6308552784898626	0.9313394017137457	0.9778780329917017
GO:0006888	endoplasmic reticulum to Golgi vesicle-mediated transport	biological_process	4	41	6.963335796084226	0.5744373267549968	0.9348943831898686	0.9778780329917017
GO:0003724	RNA helicase activity	molecular_function	6	57	9.680735131141486	0.619787642025128	0.93823268222308	0.9866629327414845
GO:1902936	phosphatidylinositol bisphosphate binding	molecular_function	4	42	7.133173254525305	0.5607602475465444	0.9423974338479055	0.9866629327414845
GO:0008270	zinc ion binding	molecular_function	81	554	94.0899519763576	0.8608783222713646	0.9448994223608926	0.9866629327414845
GO:0006511	ubiquitin-dependent protein catabolic process	biological_process	5	51	8.661710380495013	0.5772531960037958	0.9490546923931334	0.9827616157945992
GO:0005634	nucleus	cellular_component	298	1895	321.8419837458441	0.9259202187721043	0.9503319017990021	0.999979510498279
GO:0016485	protein processing	biological_process	3	35	5.944311045437754	0.50468422279189	0.9512707248475987	0.9827616157945992
GO:0005741	mitochondrial outer membrane	cellular_component	3	35	5.944311045437754	0.50468422279189	0.9512707248475987	0.999979510498279
GO:0003700	DNA-binding transcription factor activity	molecular_function	7	67	11.379109715552271	0.6151623611144929	0.9520097176225771	0.9886254759926763
GO:0046983	protein dimerization activity	molecular_function	10	91	15.45520871813816	0.6470310548613974	0.9589711992481982	0.9904128779120734
GO:0071897	DNA biosynthetic process	biological_process	14	121	20.55033247137052	0.6812541850358846	0.9624315915368792	0.9827616157945992
GO:0032040	small-subunit processome	cellular_component	3	37	6.283985962319911	0.4774039945328689	0.9630170648997656	0.999979510498279
GO:0006886	intracellular protein transport	biological_process	7	70	11.888622090875508	0.5887982599238717	0.9649981123301172	0.9827616157945992
GO:0016042	lipid catabolic process	biological_process	9	86	14.606021425932767	0.6161842255017261	0.9675409590082208	0.9827616157945992
GO:0042575	DNA polymerase complex	cellular_component	7	71	12.058459549316586	0.5805053266855074	0.968559512408051	0.999979510498279
GO:0005737	cytoplasm	cellular_component	188	1242	210.93812338381971	0.8912566253275996	0.971340891859914	0.999979510498279
GO:0006281	DNA repair	biological_process	17	146	24.79626893239749	0.6855870149798505	0.9719620375990541	0.9827616157945992
GO:0003677	DNA binding	molecular_function	45	340	57.74473586996675	0.7792918146051243	0.9767950131754313	0.9999414752468562
GO:0005777	peroxisome	cellular_component	12	112	19.02179534540081	0.6308552784898626	0.9769012137906447	0.999979510498279
GO:0071949	FAD binding	molecular_function	3	41	6.963335796084226	0.4308279950662476	0.9789768491202848	0.9999414752468562
GO:0015074	DNA integration	biological_process	8	93	15.794883635020318	0.5064931268162337	0.9934072929566128	0.9985676932318227
GO:0004674	protein serine/threonine kinase activity	molecular_function	15	151	25.64545622460288	0.5848989336992103	0.9950702193570443	0.9999414752468562
GO:0005730	nucleolus	cellular_component	10	121	20.55033247137052	0.486610132168489	0.9982335025444267	0.999979510498279
GO:0006412	translation	biological_process	7	97	16.474233468784632	0.4249059607698043	0.9985676932318228	0.9985676932318227
GO:0003676	nucleic acid binding	molecular_function	35	320	54.34798670114518	0.6439980967917346	0.9991915992814272	0.9999414752468562
GO:0005739	mitochondrion	cellular_component	39	359	60.971647580347245	0.6396415637055988	0.9996376963225803	0.999979510498279
GO:0003735	structural constituent of ribosome	molecular_function	10	138	23.43756926486886	0.42666540574193595	0.9997691275396118	0.9999414752468562
GO:0042302	structural constituent of cuticle	molecular_function	6	111	18.851957886959735	0.3182693296885793	0.9999414752468562	0.9999414752468562
GO:0005743	mitochondrial inner membrane	cellular_component	13	184	31.25009235315848	0.4159987705983876	0.999979510498279	0.999979510498279
