run	biosample	host	strain	tissue	dev_stage	sex	collected_by	geo_loc_name	isolate	breed	BioSampleModel	City	ID	Providence	SampleNameDup	age	altitude	biomaterial_provider	collection_date	depth	ecotype	env_broad_scale	env_local_scale	env_medium	host_tissue_sampled	identified_by	isol_growth_condt	isolation_source	lat_lon	replicate	specimen_voucher	temp
SRR12072096	SAMN13381785			body	adult	male		Zambia	AFR2017		Invertebrate								2017-03-17							Kenneth Wilson		Maize field				
SRR20748643	SAMN30034459	missing		body				China	missing		Invertebrate		50						2019													
SRR20748719	SAMN30034541	missing		body				Malaysia	missing		Invertebrate		132						2020													
SRR20748733	SAMN30034482	missing		body				China	missing		Invertebrate		73						2019													
SRR20748753	SAMN30034540	missing		body				Malaysia	missing		Invertebrate		131						2020													
SRR34858432	SAMN50000385	Maize		Full body	larva	not applicable	not applicable	Ghana	AFR2017_11	not applicable	Invertebrate					not applicable	not applicable	not applicable	2017	not applicable		not applicable			not applicable	not applicable		field	not applicable		not applicable	not applicable
SRR34858444	SAMN50000421	Maize		Full body	larva	not applicable	not applicable	Zambia	AFR2017_47	not applicable	Invertebrate					not applicable	not applicable	not applicable	2017	not applicable		not applicable			not applicable	not applicable		field	not applicable		not applicable	not applicable
SRR34858448	SAMN50000417	Maize		Full body	larva	not applicable	not applicable	Malawi	AFR2017_43	not applicable	Invertebrate					not applicable	not applicable	not applicable	2017	not applicable		not applicable			not applicable	not applicable		field	not applicable		not applicable	not applicable
SRR34858451	SAMN50000415	Maize		Full body	larva	not applicable	not applicable	Malawi	AFR2017_41	not applicable	Invertebrate					not applicable	not applicable	not applicable	2017	not applicable		not applicable			not applicable	not applicable		field	not applicable		not applicable	not applicable
SRR34858465	SAMN50000402	Maize		Full body	larva	not applicable	not applicable	Rwanda	AFR2017_28	not applicable	Invertebrate					not applicable	not applicable	not applicable	2017	not applicable		not applicable			not applicable	not applicable		field	not applicable		not applicable	not applicable
SRR34858467	SAMN50000400	Maize		Full body	larva	not applicable	not applicable	Rwanda	AFR2017_26	not applicable	Invertebrate					not applicable	not applicable	not applicable	2017	not applicable		not applicable			not applicable	not applicable		field	not applicable		not applicable	not applicable
SRR34858472	SAMN50000396	Maize		Full body	larva	not applicable	not applicable	Kenya	AFR2017_22	not applicable	Invertebrate					not applicable	not applicable	not applicable	2017	not applicable		not applicable			not applicable	not applicable		field	not applicable		not applicable	not applicable
SRR34858474	SAMN50000394	Maize		Full body	larva	not applicable	not applicable	Kenya	AFR2017_20	not applicable	Invertebrate					not applicable	not applicable	not applicable	2017	not applicable		not applicable			not applicable	not applicable		field	not applicable		not applicable	not applicable
SRR34858475	SAMN50000393	Maize		Full body	larva	not applicable	not applicable	Sudan	AFR2017_19	not applicable	Invertebrate					not applicable	not applicable	not applicable	2017	not applicable		not applicable			not applicable	not applicable		field	not applicable		not applicable	not applicable
SRR34858476	SAMN50000392	Maize		Full body	larva	not applicable	not applicable	Sudan	AFR2017_18	not applicable	Invertebrate					not applicable	not applicable	not applicable	2017	not applicable		not applicable			not applicable	not applicable		field	not applicable		not applicable	not applicable
SRR34858482	SAMN50000377	Maize		Full body	larva	not applicable	not applicable	Ghana	AFR2017_03	not applicable	Invertebrate					not applicable	not applicable	not applicable	2017	not applicable		not applicable			not applicable	not applicable		field	not applicable		not applicable	not applicable
SRR12044622	SAMN15298128		corn					Brazil			MIGS.eu	Luís Eduardo Magalhães		Bahia	BraBAr4				2018		laboratory	not collected	not collected	not applicable			not applicable		not collected			
SRR12044624	SAMN15298127		corn					Brazil			MIGS.eu	Luís Eduardo Magalhães		Bahia	BraBAr3				2018		laboratory	not collected	not collected	not applicable			not applicable		not collected			
SRR12044626	SAMN15298125		corn					Brazil			MIGS.eu	Luís Eduardo Magalhães		Bahia	BraBAr5				2018		laboratory	not collected	not collected	not applicable			not applicable		not collected			
SRR12044628	SAMN15298123		corn					USA			MIGS.eu	Charleston (Charleston County)		South Carolina	USASCu1				2017		field	not collected	not collected	not applicable			not applicable		not collected			
SRR12044633	SAMN15298118		rice					Puerto Rico			MIGS.eu	Santa Isabel		not collected	PueSIu1				2019		field	not collected	not collected	not applicable			not applicable		not collected			
SRR12044635	SAMN15298117		corn					Puerto Rico			MIGS.eu	Lajas		not collected	PueLAu1				2019		field	not collected	not collected	not applicable			not applicable		not collected			
SRR12044636	SAMN15298116		corn					Puerto Rico			MIGS.eu	Guayama		not collected	PueGUr1				2019		field	not collected	not collected	not applicable			not applicable		not collected			
SRR12044637	SAMN15298113		corn					USA			MIGS.eu	Rosemount (Dakota County)		Minnesotta	USAMNu2				2017		field	not collected	not collected	not applicable			not applicable		not collected			
SRR12044638	SAMN15298112		corn					USA			MIGS.eu	Rosemount (Dakota County)		Minnesotta	USAMNu1				2017		field	not collected	not collected	not applicable			not applicable		not collected			
SRR12044645	SAMN15298081		corn					Argentina			MIGS.eu	San Justo		Santa Fe	ArgSFu1				2018		field	not collected	not collected	not applicable			not applicable		not collected			
SRR12044648	SAMN15298105		corn					Kenya			MIGS.eu	not collected		not collected	KenXXu3				2019		laboratory	not collected	not collected	not applicable			not applicable		not collected			
SRR12044649	SAMN15298104		corn					Kenya			MIGS.eu	not collected		not collected	KenXXu2				2019		laboratory	not collected	not collected	not applicable			not applicable		not collected			
SRR12044650	SAMN15298103		corn					Kenya			MIGS.eu	not collected		not collected	KenXXu1				2019		laboratory	not collected	not collected	not applicable			not applicable		not collected			
SRR12044667	SAMN15298079		corn					Argentina			MIGS.eu	not collected		not collected	ArgXXr1				2018		laboratory	not collected	not collected	not applicable			not applicable		not collected			
SRR12044668	SAMN15298078		corn					Argentina			MIGS.eu	Humahuaca		Jujuy	ArgJs1				2018		laboratory	not collected	not collected	not applicable			not applicable		not collected			
SRR9289268	SAMN11791114			50 pooled adult insects				Brazil:Rio Verde, Goias	Rio Verde, Goias		Invertebrate								2016									agricultural field				
SRR9289269	SAMN11791112			50 pooled adult insects				Brazil:Conchal, Sao Paulo	Conchal, Sao Paulo		Invertebrate								2016									agricultural field				
SRR9289271	SAMN11791113			50 pooled adult insects				Brazil:Jatai, Goias	Jatai, Goias		Invertebrate								2016									agricultural field				
SRR9289273	SAMN11791111			50 pooled adult insects				Brazil:Santa Cruz das Palmeiras, Sao Paulo	Santa Cruz das Palmeiras, Sao Paulo		Invertebrate								2016									agricultural field				
SRR9289274	SAMN11791108			50 pooled adult insects				Brazil:Chapeco, Santa Catarina	Chapeco, Santa Catarina		Invertebrate								2016									agricultural field				
SRR9289276	SAMN11791106			50 pooled adult insects				Brazil:Santa Rosa, Rio Grande do Sul	Santa Rosa, Rio Grande do Sul		Invertebrate								2016									agricultural field				
SRR9289277	SAMN11791107			50 pooled adult insects				Brazil:Carazinho, Rio Grande do Sul	Carazinho, Rio Grande do Sul		Invertebrate								2016									agricultural field				
SRR9289278	SAMN11791091			50 pooled adult insects				Brazil:Ponta Pora, Mato Grosso do Sul	Ponta Pora, Mato Grosso do Sul		Invertebrate								2016									agricultural field				
SRR9289279	SAMN11791090			50 pooled adult insects				Brazil:Sao Gabriel do Oeste, Mato Grosso do Sul	Sao Gabriel do Oeste, Mato Grosso do Sul		Invertebrate								2016									agricultural field				
SRR9289280	SAMN11791092			50 pooled adult insects				Brazil:Dourados, Mato Grosso do Sul	Dourados, Mato Grosso do Sul		Invertebrate								2016									agricultural field				
SRR9289281	SAMN11791093			50 pooled adult insects				Brazil:Chapadao do Sul, Mato Grosso do Sul	Chapadao do Sul, Mato Grosso do Sul		Invertebrate								2016									agricultural field				
SRR9289282	SAMN11791086			50 pooled adult insects				Brazil:Luis Eduardo Magalhaes, Bahia	Luis Eduardo Magalhaes, Bahia		Invertebrate								2016									agricultural field				
SRR9289283	SAMN11791087			50 pooled adult insects				Brazil:Uberlandia, Minas Gerais	Uberlandia, Minas Gerais		Invertebrate								2016									agricultural field				
SRR9289285	SAMN11791089			50 pooled adult insects				Brazil:Frutal, Minas Gerais	Frutal, Minas Gerais		Invertebrate								2016									agricultural field				
SRR9289286	SAMN11791095			50 pooled adult insects				Brazil:Lucas do Rio Verde, Mato Grosso	Lucas do Rio Verde, Mato Grosso		Invertebrate								2016									agricultural field				
SRR9289288	SAMN11791094			50 pooled adult insects				Brazil:Campo Verde, Mato Grosso	Campo Verde, Mato Grosso		Invertebrate								2016									agricultural field				
SRR9289289	SAMN11791102			50 pooled adult insects				Brazil:Pato Branco, Parana	Pato Branco, Parana		Invertebrate								2016									agricultural field				
SRR9289290	SAMN11791101			50 pooled adult insects				Brazil:Ponta Grossa, Parana	Ponta Grossa, Parana		Invertebrate								2016									agricultural field				
SRR9289291	SAMN11791099			50 pooled adult insects				Brazil:Campo Mourao, Parana	Campo Mourao, Parana		Invertebrate								2016									agricultural field				
SRR9289292	SAMN11791100			50 pooled adult insects				Brazil:Palotina, Parana	Palotina, Parana		Invertebrate								2016									agricultural field				
SRR9289294	SAMN11791097			50 pooled adult insects				Brazil:Querencia, Mato Grosso	Querencia, Mato Grosso		Invertebrate								2016									agricultural field				
SRR9289295	SAMN11791096			50 pooled adult insects				Brazil:Sapezal, Mato Grosso	Sapezal, Mato Grosso		Invertebrate								2016									agricultural field				
SRR9289296	SAMN11791105			50 pooled adult insects				Brazil:Guarapuava, Parana	Guarapuava, Parana		Invertebrate								2016									agricultural field				
SRR9289297	SAMN11791104			50 pooled adult insects				Brazil:Rolandia, Parana	Rolandia, Parana		Invertebrate								2016									agricultural field				
SRR9656250	SAMN12233260	not applicable		muscle tissue	adult	male	Yang Dong	China:Yunnan	not applicable	not applicable	Invertebrate								2019			ENVO:00000182						not applicable				25
SRR9656251	SAMN12233260	not applicable		muscle tissue	adult	male	Yang Dong	China:Yunnan	not applicable	not applicable	Invertebrate								2019			ENVO:00000182						not applicable				25
SRR9656252	SAMN12233261	not applicable		muscle tissue	adult	female	Yang Dong	China:Yunnan	not applicable	not applicable	Invertebrate								2019			ENVO:00000182						not applicable				26
SRR9656253	SAMN12233261	not applicable		muscle tissue	adult	female	Yang Dong	China:Yunnan	not applicable	not applicable	Invertebrate								2019			ENVO:00000182						not applicable				26
SRR9656262	SAMN12233264	not applicable		whole body without intestinal tract and ovaries	instar6		Huan Liu	China:Guangdong	not applicable	not applicable	Invertebrate								2019			ENVO:01000205						not applicable				29
SRR9656263	SAMN12233264	not applicable		whole body without intestinal tract and ovaries	instar6		Huan Liu	China:Guangdong	not applicable	not applicable	Invertebrate								2019			ENVO:01000205						not applicable				29
SRR9656266	SAMN12233264	not applicable		whole body without intestinal tract and ovaries	instar6		Huan Liu	China:Guangdong	not applicable	not applicable	Invertebrate								2019			ENVO:01000205						not applicable				29
SRR9656269	SAMN12233264	not applicable		whole body without intestinal tract and ovaries	instar6		Huan Liu	China:Guangdong	not applicable	not applicable	Invertebrate								2019			ENVO:01000205						not applicable				29
SRR9656270	SAMN12233264	not applicable		whole body without intestinal tract and ovaries	instar6		Huan Liu	China:Guangdong	not applicable	not applicable	Invertebrate								2019			ENVO:01000205						not applicable				29
SRR9656292	SAMN12233264	not applicable		whole body without intestinal tract and ovaries	instar6		Huan Liu	China:Guangdong	not applicable	not applicable	Invertebrate								2019			ENVO:01000205						not applicable				29
SRR18431688	SAMN15231981	Pasture grass		whole body				USA:Jacksonville	FGJ5	not applicable	Invertebrate					larvae			2015									Pasture land				
SRR18431694	SAMN15231966	corn		whole body				USA:Citra	FCC5	not applicable	Invertebrate					larvae			2015									crop field				
SRR18431700	SAMN15231971	corn		whole body				USA:Citra	FL.17	not applicable	Invertebrate					larvae			2015									crop field				
SRR18431703	SAMN15231974	corn		whole body				USA:Citra	FL.20	not applicable	Invertebrate					larvae			2015									crop field				
SRR18431707	SAMN15231978	Pasture grass		whole body				USA:Jacksonville	FGJ12	not applicable	Invertebrate					larvae			2015									Pasture land				
SRR18431708	SAMN15231979	Pasture grass		whole body				USA:Jacksonville	FGJ2	not applicable	Invertebrate					larvae			2015									Pasture land				
SRR29141563	SAMN41506885			Thorax	adult	male		USA: Pinal County, Arizona	fall armyworm moth from Pinal County, Arizona collected in September 2021 identified as C- strain		Invertebrate								2021-09									pheromone baited moth trap		12		
SRR29141567	SAMN41506883			Thorax	adult	male		USA: Pinal County, Arizona	fall armyworm moth from Pinal County, Arizona collected in September 2021 identified as C- strain		Invertebrate								2021-09									pheromone baited moth trap		10		
SRR29141568	SAMN41506882			Thorax	adult	male		USA: Pinal County, Arizona	fall armyworm moth from Pinal County, Arizona collected in September 2021 identified as C- strain		Invertebrate								2021-09									pheromone baited moth trap		9		
SRR29141569	SAMN41506881			Thorax	adult	male		USA: Pinal County, Arizona	fall armyworm moth from Pinal County, Arizona collected in September 2021 identified as C- strain		Invertebrate								2021-09									pheromone baited moth trap		8		
SRR29141571	SAMN41506879			Thorax	adult	male		USA: Pinal County, Arizona	fall armyworm moth from Pinal County, Arizona collected in September 2021 identified as C- strain		Invertebrate								2021-09									pheromone baited moth trap		6		
SRR29141572	SAMN41506878			Thorax	adult	male		USA: Pinal County, Arizona	fall armyworm moth from Pinal County, Arizona collected in September 2021 identified as C- strain		Invertebrate								2021-09									pheromone baited moth trap		5		
SRR29141573	SAMN41506877			Thorax	adult	male		USA: Pinal County, Arizona	fall armyworm moth from Pinal County, Arizona collected in September 2021 identified as C- strain		Invertebrate								2021-09									pheromone baited moth trap		4		
SRR29141578	SAMN41506873			Thorax	adult	male		Puerto Rico: Juana Diaz,	fall armyworm moth from Juana Diaz, collected in March 2021 identified as C- strain		Invertebrate								2021-03									pheromone baited moth trap		21		
SRR29141586	SAMN41506865			Thorax	adult	male		Puerto Rico: Juana Diaz,	fall armyworm moth from Juana Diaz, collected in March 2021 identified as C- strain		Invertebrate								2021-03									pheromone baited moth trap		13		
SRR29141589	SAMN41506863			Thorax	adult	male		Puerto Rico: Juana Diaz,	fall armyworm moth from Juana Diaz, collected in March 2021 identified as C- strain		Invertebrate								2021-03									pheromone baited moth trap		11		
SRR29141590	SAMN41506862			Thorax	adult	male		Puerto Rico: Juana Diaz,	fall armyworm moth from Juana Diaz, collected in March 2021 identified as C- strain		Invertebrate								2021-03									pheromone baited moth trap		10		
SRR29141591	SAMN41506810			Thorax	adult	male		USA: Tazewell County, Illinois	fall armyworm moth from Tazewell County, Illinois collected in August 2021 identified as R- strain		Invertebrate								2021-08									pheromone baited moth trap		1		
SRR29141593	SAMN41506808			Thorax	adult	male		USA: Burke County, Georgia	fall armyworm moth from Burke County, Georgia collected in October 2021 identified as C- strain		Invertebrate								2021-10									pheromone baited moth trap		17		
SRR29141594	SAMN41506807			Thorax	adult	male		USA: Burke County, Georgia	fall armyworm moth from Burke County, Georgia collected in October 2021 identified as C- strain		Invertebrate								2021-10									pheromone baited moth trap		16		
SRR29141596	SAMN41506805			Thorax	adult	male		USA: Burke County, Georgia	fall armyworm moth from Burke County, Georgia collected in October 2021 identified as C- strain		Invertebrate								2021-10									pheromone baited moth trap		14		
SRR29141597	SAMN41506804			Thorax	adult	male		USA: Burke County, Georgia	fall armyworm moth from Burke County, Georgia collected in October 2021 identified as C- strain		Invertebrate								2021-10									pheromone baited moth trap		13		
SRR29141600	SAMN41506802			Thorax	adult	male		USA: Burke County, Georgia	fall armyworm moth from Burke County, Georgia collected in October 2021 identified as C- strain		Invertebrate								2021-10									pheromone baited moth trap		11		
SRR29141606	SAMN41506796			Thorax	adult	male		USA: Burke County, Georgia	fall armyworm moth from Burke County, Georgia collected in October 2021 identified as C- strain		Invertebrate								2021-10									pheromone baited moth trap		5		
SRR29141614	SAMN41506789			Thorax	adult	male		USA: Burke County, Georgia	fall armyworm moth from Burke County, Georgia collected in September 2021 identified as R- strain		Invertebrate								2021-09									pheromone baited moth trap		17		
SRR29141616	SAMN41506787			Thorax	adult	male		USA: Burke County, Georgia	fall armyworm moth from Burke County, Georgia collected in September 2021 identified as R- strain		Invertebrate								2021-09									pheromone baited moth trap		15		
SRR29141617	SAMN41506786			Thorax	adult	male		USA: Burke County, Georgia	fall armyworm moth from Burke County, Georgia collected in September 2021 identified as R- strain		Invertebrate								2021-09									pheromone baited moth trap		14		
SRR29141625	SAMN41506677			Thorax	adult	male		USA: Palm Beach County, Florida	fall armyworm moth from Palm Beach County, Florida collected in October 2021 identified as R- strain		Invertebrate								2021-10									pheromone baited moth trap		12		
SRR29141628	SAMN41506674			Thorax	adult	male		USA: Palm Beach County, Florida	fall armyworm moth from Palm Beach County, Florida collected in October 2021 identified as R- strain		Invertebrate								2021-10									pheromone baited moth trap		9		
SRR29141632	SAMN41506671			Thorax	adult	male		USA: Palm Beach County, Florida	fall armyworm moth from Palm Beach County, Florida collected in October 2021 identified as R- strain		Invertebrate								2021-10									pheromone baited moth trap		6		
SRR29141637	SAMN41506624			Thorax	adult	male		USA: Kern County, California	fall armyworm moth from Kern County, California collected in September 2021 identified as C- strain		Invertebrate								2021-09									pheromone baited moth trap		2		
SRR29141639	SAMN41506983			Thorax	adult	male		USA: Yuma County, Arizona	fall armyworm moth from Yuma County, Arizona collected in September 2021 identified as C- strain		Invertebrate								2021-09									pheromone baited moth trap		11		
SRR29141642	SAMN41506980			Thorax	adult	male		USA: Yuma County, Arizona	fall armyworm moth from Yuma County, Arizona collected in September 2021 identified as C- strain		Invertebrate								2021-09									pheromone baited moth trap		8		
SRR29141644	SAMN41506978			Thorax	adult	male		USA: Yuma County, Arizona	fall armyworm moth from Yuma County, Arizona collected in September 2021 identified as C- strain		Invertebrate								2021-09									pheromone baited moth trap		6		
SRR29141645	SAMN41506977			Thorax	adult	male		USA: Yuma County, Arizona	fall armyworm moth from Yuma County, Arizona collected in September 2021 identified as C- strain		Invertebrate								2021-09									pheromone baited moth trap		5		
SRR29141646	SAMN41506976			Thorax	adult	male		USA: Yuma County, Arizona	fall armyworm moth from Yuma County, Arizona collected in September 2021 identified as C- strain		Invertebrate								2021-09									pheromone baited moth trap		4		
SRR29141655	SAMN41506968			Thorax	adult	male		USA: Pike County, Georgia	fall armyworm moth from Pike County, Georgia collected in July 2021 identified as R- strain		Invertebrate								2021-07									pheromone baited moth trap		8		
SRR29141656	SAMN41506967			Thorax	adult	male		USA: Pike County, Georgia	fall armyworm moth from Pike County, Georgia collected in July 2021 identified as R- strain		Invertebrate								2021-07									pheromone baited moth trap		7		
SRR29141657	SAMN41506966			Thorax	adult	male		USA: Pike County, Georgia	fall armyworm moth from Pike County, Georgia collected in July 2021 identified as R- strain		Invertebrate								2021-07									pheromone baited moth trap		6		
SRR29141659	SAMN41506964			Thorax	adult	male		USA: Pike County, Georgia	fall armyworm moth from Pike County, Georgia collected in July 2021 identified as R- strain		Invertebrate								2021-07									pheromone baited moth trap		4		
SRR29141661	SAMN41506963			Thorax	adult	male		USA: Pike County, Georgia	fall armyworm moth from Pike County, Georgia collected in July 2021 identified as R- strain		Invertebrate								2021-07									pheromone baited moth trap		3		
SRR29141674	SAMN41506925			Thorax	adult	male		USA: Hidalgo County, Texas	fall armyworm moth from Hidalgo County, Texas collected in March 2021 identified as R- strain		Invertebrate								2021-03									pheromone baited moth trap		15		
SRR29141675	SAMN41506924			Thorax	adult	male		USA: Hidalgo County, Texas	fall armyworm moth from Hidalgo County, Texas collected in March 2021 identified as C- strain		Invertebrate								2021-03									pheromone baited moth trap		14		
SRR29141682	SAMN41506918			Thorax	adult	male		USA: Hidalgo County, Texas	fall armyworm moth from Hidalgo County, Texas collected in March 2021 identified as R- strain		Invertebrate								2021-03									pheromone baited moth trap		8		
SRR29141684	SAMN41506916			Thorax	adult	male		USA: Hidalgo County, Texas	fall armyworm moth from Hidalgo County, Texas collected in March 2021 identified as R- strain		Invertebrate								2021-03									pheromone baited moth trap		6		
SRR29141694	SAMN41506857			Thorax	adult	male		Puerto Rico: Juana Diaz,	fall armyworm moth from Juana Diaz, collected in March 2021 identified as C- strain		Invertebrate								2021-03									pheromone baited moth trap		5		
SRR29141699	SAMN41506853			Thorax	adult	male		Puerto Rico: Juana Diaz,	fall armyworm moth from Juana Diaz, collected in March 2021 identified as C- strain		Invertebrate								2021-03									pheromone baited moth trap		1		
SRR29141700	SAMN41506852			Thorax	adult	male		USA: Tazewell County, Illinois	fall armyworm moth from Tazewell County, Illinois collected in September 2021 identified as R- strain		Invertebrate								2021-09									pheromone baited moth trap		5		
SRR29141701	SAMN41506851			Thorax	adult	male		USA: Tazewell County, Illinois	fall armyworm moth from Tazewell County, Illinois collected in September 2021 identified as R- strain		Invertebrate								2021-09									pheromone baited moth trap		4		
SRR29141704	SAMN41506848			Thorax	adult	male		USA: Tazewell County, Illinois	fall armyworm moth from Tazewell County, Illinois collected in September 2021 identified as R- strain		Invertebrate								2021-09									pheromone baited moth trap		1		
SRR29141722	SAMN41506782			Thorax	adult	male		USA: Burke County, Georgia	fall armyworm moth from Burke County, Georgia collected in September 2021 identified as R- strain		Invertebrate								2021-09									pheromone baited moth trap		10		
SRR29141723	SAMN41506781			Thorax	adult	male		USA: Burke County, Georgia	fall armyworm moth from Burke County, Georgia collected in September 2021 identified as R- strain		Invertebrate								2021-09									pheromone baited moth trap		9		
SRR29141730	SAMN41506774			Thorax	adult	male		USA: Burke County, Georgia	fall armyworm moth from Burke County, Georgia collected in September 2021 identified as R- strain		Invertebrate								2021-09									pheromone baited moth trap		2		
SRR29141731	SAMN41506603			Thorax	adult	male		USA: Kern County, California	fall armyworm moth from Kern County, California collected in August 2021 identified as C- strain		Invertebrate								2021-08									pheromone baited moth trap		4		
SRR29141733	SAMN41506772			Thorax	adult	male		USA: Miami-Dade County, Florida	fall armyworm moth from Miami-Dade County, Florida collected in March 2021 identified as C- strain		Invertebrate								2021-03									pheromone baited moth trap		12		
SRR29141735	SAMN41506770			Thorax	adult	male		USA: Miami-Dade County, Florida	fall armyworm moth from Miami-Dade County, Florida collected in March 2021 identified as C- strain		Invertebrate								2021-03									pheromone baited moth trap		10		
SRR29141737	SAMN41506768			Thorax	adult	male		USA: Miami-Dade County, Florida	fall armyworm moth from Miami-Dade County, Florida collected in March 2021 identified as R- strain		Invertebrate								2021-03									pheromone baited moth trap		8		
SRR29141739	SAMN41506766			Thorax	adult	male		USA: Miami-Dade County, Florida	fall armyworm moth from Miami-Dade County, Florida collected in March 2021 identified as R- strain		Invertebrate								2021-03									pheromone baited moth trap		6		
SRR29141740	SAMN41506765			Thorax	adult	male		USA: Miami-Dade County, Florida	fall armyworm moth from Miami-Dade County, Florida collected in March 2021 identified as R- strain		Invertebrate								2021-03									pheromone baited moth trap		5		
SRR29141741	SAMN41506764			Thorax	adult	male		USA: Miami-Dade County, Florida	fall armyworm moth from Miami-Dade County, Florida collected in March 2021 identified as R- strain		Invertebrate								2021-03									pheromone baited moth trap		4		
SRR29141744	SAMN41506762			Thorax	adult	male		USA: Miami-Dade County, Florida	fall armyworm moth from Miami-Dade County, Florida collected in March 2021 identified as C- strain		Invertebrate								2021-03									pheromone baited moth trap		2		
SRR29141746	SAMN41506734			Thorax	adult	male		USA: Duval County, Florida	fall armyworm moth from Duval County, Florida collected in October 2021 identified as R- strain		Invertebrate								2021-10									pheromone baited moth trap		10		
SRR29141747	SAMN41506599			Thorax	adult	male		USA: Kern County, California	fall armyworm moth from Kern County, California collected in June 2021 identified as C- strain		Invertebrate								2021-06									pheromone baited moth trap		16		
SRR29141748	SAMN41506733			Thorax	adult	male		USA: Duval County, Florida	fall armyworm moth from Duval County, Florida collected in October 2021 identified as R- strain		Invertebrate								2021-10									pheromone baited moth trap		9		
SRR29141750	SAMN41506731			Thorax	adult	male		USA: Duval County, Florida	fall armyworm moth from Duval County, Florida collected in October 2021 identified as R- strain		Invertebrate								2021-10									pheromone baited moth trap		7		
SRR29141752	SAMN41506729			Thorax	adult	male		USA: Duval County, Florida	fall armyworm moth from Duval County, Florida collected in October 2021 identified as C- strain		Invertebrate								2021-10									pheromone baited moth trap		5		
SRR29141754	SAMN41506727			Thorax	adult	male		USA: Duval County, Florida	fall armyworm moth from Duval County, Florida collected in October 2021 identified as R- strain		Invertebrate								2021-10									pheromone baited moth trap		3		
SRR29141755	SAMN41506726			Thorax	adult	male		USA: Duval County, Florida	fall armyworm moth from Duval County, Florida collected in October 2021 identified as R- strain		Invertebrate								2021-10									pheromone baited moth trap		2		
SRR29141757	SAMN41506724			Thorax	adult	male		USA: Larimer County, Colorado	fall armyworm moth from Larimer County, Colorado collected in September 2021 identified as R- strain		Invertebrate								2021-09									pheromone baited moth trap		19		
SRR29141759	SAMN41506723			Thorax	adult	male		USA: Larimer County, Colorado	fall armyworm moth from Larimer County, Colorado collected in September 2021 identified as C- strain		Invertebrate								2021-09									pheromone baited moth trap		18		
SRR29141760	SAMN41506722			Thorax	adult	male		USA: Larimer County, Colorado	fall armyworm moth from Larimer County, Colorado collected in September 2021 identified as C- strain		Invertebrate								2021-09									pheromone baited moth trap		17		
SRR29141764	SAMN41506718			Thorax	adult	male		USA: Larimer County, Colorado	fall armyworm moth from Larimer County, Colorado collected in September 2021 identified as C- strain		Invertebrate								2021-09									pheromone baited moth trap		13		
SRR29141765	SAMN41506717			Thorax	adult	male		USA: Larimer County, Colorado	fall armyworm moth from Larimer County, Colorado collected in September 2021 identified as C- strain		Invertebrate								2021-09									pheromone baited moth trap		12		
SRR29141766	SAMN41506716			Thorax	adult	male		USA: Larimer County, Colorado	fall armyworm moth from Larimer County, Colorado collected in September 2021 identified as C- strain		Invertebrate								2021-09									pheromone baited moth trap		11		
SRR29141767	SAMN41506715			Thorax	adult	male		USA: Larimer County, Colorado	fall armyworm moth from Larimer County, Colorado collected in September 2021 identified as C- strain		Invertebrate								2021-09									pheromone baited moth trap		10		
SRR29141768	SAMN41506714			Thorax	adult	male		USA: Larimer County, Colorado	fall armyworm moth from Larimer County, Colorado collected in September 2021 identified as C- strain		Invertebrate								2021-09									pheromone baited moth trap		9		
SRR29141773	SAMN41506710			Thorax	adult	male		USA: Larimer County, Colorado	fall armyworm moth from Larimer County, Colorado collected in September 2021 identified as C- strain		Invertebrate								2021-09									pheromone baited moth trap		5		
SRR29141775	SAMN41506910			Thorax	adult	male		USA: Centre County, Pennsylvania	fall armyworm moth from Centre County, Pennsylvania collected in August 2021 identified as R- strain		Invertebrate								2021-08									pheromone baited moth trap		17		
SRR29141777	SAMN41506908			Thorax	adult	male		USA: Centre County, Pennsylvania	fall armyworm moth from Centre County, Pennsylvania collected in August 2021 identified as R- strain		Invertebrate								2021-08									pheromone baited moth trap		15		
SRR29141778	SAMN41506907			Thorax	adult	male		USA: Centre County, Pennsylvania	fall armyworm moth from Centre County, Pennsylvania collected in August 2021 identified as R- strain		Invertebrate								2021-08									pheromone baited moth trap		14		
SRR29141779	SAMN41506906			Thorax	adult	male		USA: Centre County, Pennsylvania	fall armyworm moth from Centre County, Pennsylvania collected in August 2021 identified as C- strain		Invertebrate								2021-08									pheromone baited moth trap		13		
SRR29141780	SAMN41506905			Thorax	adult	male		USA: Centre County, Pennsylvania	fall armyworm moth from Centre County, Pennsylvania collected in August 2021 identified as R- strain		Invertebrate								2021-08									pheromone baited moth trap		12		
SRR29141781	SAMN41506904			Thorax	adult	male		USA: Centre County, Pennsylvania	fall armyworm moth from Centre County, Pennsylvania collected in August 2021 identified as R- strain		Invertebrate								2021-08									pheromone baited moth trap		11		
SRR29141783	SAMN41506903			Thorax	adult	male		USA: Centre County, Pennsylvania	fall armyworm moth from Centre County, Pennsylvania collected in August 2021 identified as C- strain		Invertebrate								2021-08									pheromone baited moth trap		10		
SRR29141786	SAMN41506900			Thorax	adult	male		USA: Centre County, Pennsylvania	fall armyworm moth from Centre County, Pennsylvania collected in August 2021 identified as R- strain		Invertebrate								2021-08									pheromone baited moth trap		7		
SRR29141787	SAMN41506899			Thorax	adult	male		USA: Centre County, Pennsylvania	fall armyworm moth from Centre County, Pennsylvania collected in August 2021 identified as R- strain		Invertebrate								2021-08									pheromone baited moth trap		6		
SRR29141788	SAMN41506898			Thorax	adult	male		USA: Centre County, Pennsylvania	fall armyworm moth from Centre County, Pennsylvania collected in August 2021 identified as R- strain		Invertebrate								2021-08									pheromone baited moth trap		5		
SRR29141789	SAMN41506897			Thorax	adult	male		USA: Centre County, Pennsylvania	fall armyworm moth from Centre County, Pennsylvania collected in August 2021 identified as R- strain		Invertebrate								2021-08									pheromone baited moth trap		4		
SRR29141792	SAMN41506894			Thorax	adult	male		USA: Centre County, Pennsylvania	fall armyworm moth from Centre County, Pennsylvania collected in August 2021 identified as R- strain		Invertebrate								2021-08									pheromone baited moth trap		1		
SRR29141794	SAMN41506893			Thorax	adult	male		USA: Pinal County, Arizona	fall armyworm moth from Pinal County, Arizona collected in September 2021 identified as C- strain		Invertebrate								2021-09									pheromone baited moth trap		20		
SRR29141799	SAMN41506888			Thorax	adult	male		USA: Pinal County, Arizona	fall armyworm moth from Pinal County, Arizona collected in September 2021 identified as C- strain		Invertebrate								2021-09									pheromone baited moth trap		15		
SRR29141800	SAMN41506887			Thorax	adult	male		USA: Pinal County, Arizona	fall armyworm moth from Pinal County, Arizona collected in September 2021 identified as C- strain		Invertebrate								2021-09									pheromone baited moth trap		14		
SRR29141801	SAMN41506886			Thorax	adult	male		USA: Pinal County, Arizona	fall armyworm moth from Pinal County, Arizona collected in September 2021 identified as C- strain		Invertebrate								2021-09									pheromone baited moth trap		13		
SRR29141802	SAMN41506760			Thorax	adult	male		USA: Lubbock County, Texas	fall armyworm moth from Lubbock County, Texas collected in October 2021 identified as C- strain		Invertebrate								2021-10									pheromone baited moth trap		21		
SRR29141803	SAMN41506759			Thorax	adult	male		USA: Lubbock County, Texas	fall armyworm moth from Lubbock County, Texas collected in October 2021 identified as C- strain		Invertebrate								2021-10									pheromone baited moth trap		20		
SRR29141813	SAMN41506750			Thorax	adult	male		USA: Lubbock County, Texas	fall armyworm moth from Lubbock County, Texas collected in October 2021 identified as C- strain		Invertebrate								2021-10									pheromone baited moth trap		11		
SRR29141814	SAMN41506749			Thorax	adult	male		USA: Lubbock County, Texas	fall armyworm moth from Lubbock County, Texas collected in October 2021 identified as C- strain		Invertebrate								2021-10									pheromone baited moth trap		10		
SRR29141815	SAMN41506748			Thorax	adult	male		USA: Lubbock County, Texas	fall armyworm moth from Lubbock County, Texas collected in October 2021 identified as C- strain		Invertebrate								2021-10									pheromone baited moth trap		9		
SRR29141816	SAMN41506747			Thorax	adult	male		USA: Lubbock County, Texas	fall armyworm moth from Lubbock County, Texas collected in October 2021 identified as R- strain		Invertebrate								2021-10									pheromone baited moth trap		8		
SRR29141817	SAMN41506746			Thorax	adult	male		USA: Lubbock County, Texas	fall armyworm moth from Lubbock County, Texas collected in October 2021 identified as R- strain		Invertebrate								2021-10									pheromone baited moth trap		7		
SRR29141818	SAMN41506745			Thorax	adult	male		USA: Lubbock County, Texas	fall armyworm moth from Lubbock County, Texas collected in October 2021 identified as C- strain		Invertebrate								2021-10									pheromone baited moth trap		6		
SRR29141821	SAMN41506743			Thorax	adult	male		USA: Lubbock County, Texas	fall armyworm moth from Lubbock County, Texas collected in October 2021 identified as R- strain		Invertebrate								2021-10									pheromone baited moth trap		4		
SRR29141822	SAMN41506742			Thorax	adult	male		USA: Lubbock County, Texas	fall armyworm moth from Lubbock County, Texas collected in October 2021 identified as R- strain		Invertebrate								2021-10									pheromone baited moth trap		3		
SRR29141823	SAMN41506741			Thorax	adult	male		USA: Lubbock County, Texas	fall armyworm moth from Lubbock County, Texas collected in October 2021 identified as R- strain		Invertebrate								2021-10									pheromone baited moth trap		2		
SRR29141824	SAMN41506740			Thorax	adult	male		USA: Lubbock County, Texas	fall armyworm moth from Lubbock County, Texas collected in October 2021 identified as C- strain		Invertebrate								2021-10									pheromone baited moth trap		1		
SRR29141828	SAMN41506736			Thorax	adult	male		USA: Duval County, Florida	fall armyworm moth from Duval County, Florida collected in October 2021 identified as R- strain		Invertebrate								2021-10									pheromone baited moth trap		12		
SRR29141830	SAMN41506709			Thorax	adult	male		USA: Larimer County, Colorado	fall armyworm moth from Larimer County, Colorado collected in September 2021 identified as C- strain		Invertebrate								2021-09									pheromone baited moth trap		4		
SRR29141831	SAMN41506708			Thorax	adult	male		USA: Larimer County, Colorado	fall armyworm moth from Larimer County, Colorado collected in September 2021 identified as R- strain		Invertebrate								2021-09									pheromone baited moth trap		3		
SRR29141832	SAMN41506707			Thorax	adult	male		USA: Larimer County, Colorado	fall armyworm moth from Larimer County, Colorado collected in September 2021 identified as C- strain		Invertebrate								2021-09									pheromone baited moth trap		2		
SRR29141834	SAMN41506705			Thorax	adult	male		USA: Palm Beach County, Florida	fall armyworm moth from Palm Beach County, Florida collected in November 2021 identified as R- strain		Invertebrate								2021-11									pheromone baited moth trap		18		
SRR29141839	SAMN41506701			Thorax	adult	male		USA: Palm Beach County, Florida	fall armyworm moth from Palm Beach County, Florida collected in November 2021 identified as C- strain		Invertebrate								2021-11									pheromone baited moth trap		14		
SRR29141846	SAMN41506694			Thorax	adult	male		USA: Palm Beach County, Florida	fall armyworm moth from Palm Beach County, Florida collected in November 2021 identified as R- strain		Invertebrate								2021-11									pheromone baited moth trap		7		
SRR29141849	SAMN41506692			Thorax	adult	male		USA: Palm Beach County, Florida	fall armyworm moth from Palm Beach County, Florida collected in November 2021 identified as R- strain		Invertebrate								2021-11									pheromone baited moth trap		5		
SRR29141852	SAMN41506689			Thorax	adult	male		USA: Palm Beach County, Florida	fall armyworm moth from Palm Beach County, Florida collected in November 2021 identified as R- strain		Invertebrate								2021-11									pheromone baited moth trap		2		
SRR29141853	SAMN41506688			Thorax	adult	male		USA: Palm Beach County, Florida	fall armyworm moth from Palm Beach County, Florida collected in November 2021 identified as C- strain		Invertebrate								2021-11									pheromone baited moth trap		1		
SRR29141858	SAMN41506594			Thorax	adult	male		USA: Kern County, California	fall armyworm moth from Kern County, California collected in June 2021 identified as C- strain		Invertebrate								2021-06									pheromone baited moth trap		11		
SRR29141863	SAMN41506668			Thorax	adult	male		USA: Palm Beach County, Florida	fall armyworm moth from Palm Beach County, Florida collected in October 2021 identified as H- strain		Invertebrate								2021-10									pheromone baited moth trap		3		
SRR29141887	SAMN41506646			Thorax	adult	male		USA: Palm Beach County, Florida	fall armyworm moth from Palm Beach County, Florida collected in March 2021 identified as C- strain		Invertebrate								2021-03									pheromone baited moth trap		2		
SRR29141898	SAMN41506954			Thorax	adult	male		USA: Hidalgo County, Texas	fall armyworm moth from Hidalgo County, Texas collected in October 2021 identified as C- strain		Invertebrate								2021-10									pheromone baited moth trap		11		
SRR29141900	SAMN41506953			Thorax	adult	male		USA: Hidalgo County, Texas	fall armyworm moth from Hidalgo County, Texas collected in October 2021 identified as C- strain		Invertebrate								2021-10									pheromone baited moth trap		10		
SRR29141901	SAMN41506952			Thorax	adult	male		USA: Hidalgo County, Texas	fall armyworm moth from Hidalgo County, Texas collected in October 2021 identified as C- strain		Invertebrate								2021-10									pheromone baited moth trap		9		
SRR29141903	SAMN41506950			Thorax	adult	male		USA: Hidalgo County, Texas	fall armyworm moth from Hidalgo County, Texas collected in October 2021 identified as R- strain		Invertebrate								2021-10									pheromone baited moth trap		7		
SRR29141907	SAMN41506946			Thorax	adult	male		USA: Hidalgo County, Texas	fall armyworm moth from Hidalgo County, Texas collected in October 2021 identified as C- strain		Invertebrate								2021-10									pheromone baited moth trap		3		
SRR29141909	SAMN41506944			Thorax	adult	male		USA: Hidalgo County, Texas	fall armyworm moth from Hidalgo County, Texas collected in October 2021 identified as R- strain		Invertebrate								2021-10									pheromone baited moth trap		1		
SRR29141913	SAMN41506941			Thorax	adult	male		USA: Hidalgo County, Texas	fall armyworm moth from Hidalgo County, Texas collected in June 2021 identified as C- strain		Invertebrate								2021-06									pheromone baited moth trap		15		
SRR29141916	SAMN41506938			Thorax	adult	male		USA: Hidalgo County, Texas	fall armyworm moth from Hidalgo County, Texas collected in June 2021 identified as C- strain		Invertebrate								2021-06									pheromone baited moth trap		12		
SRR29141925	SAMN41506829			Thorax	adult	male		USA: Palm Beach County, Florida	fall armyworm moth from Palm Beach County, Florida collected in March 2021 identified as C- strain		Invertebrate								2021-03									pheromone baited moth trap		8		
SRR29141929	SAMN41506825			Thorax	adult	male		USA: Tazewell County, Illinois	fall armyworm moth from Tazewell County, Illinois collected in August 2021 identified as R- strain		Invertebrate								2021-08									pheromone baited moth trap		16		
SRR29141930	SAMN41506824			Thorax	adult	male		USA: Tazewell County, Illinois	fall armyworm moth from Tazewell County, Illinois collected in August 2021 identified as R- strain		Invertebrate								2021-08									pheromone baited moth trap		15		
SRR29141932	SAMN41506823			Thorax	adult	male		USA: Tazewell County, Illinois	fall armyworm moth from Tazewell County, Illinois collected in August 2021 identified as R- strain		Invertebrate								2021-08									pheromone baited moth trap		14		
SRR29141933	SAMN41506822			Thorax	adult	male		USA: Tazewell County, Illinois	fall armyworm moth from Tazewell County, Illinois collected in August 2021 identified as R- strain		Invertebrate								2021-08									pheromone baited moth trap		13		
SRR29141934	SAMN41506821			Thorax	adult	male		USA: Tazewell County, Illinois	fall armyworm moth from Tazewell County, Illinois collected in August 2021 identified as R- strain		Invertebrate								2021-08									pheromone baited moth trap		12		
SRR29141935	SAMN41506820			Thorax	adult	male		USA: Tazewell County, Illinois	fall armyworm moth from Tazewell County, Illinois collected in August 2021 identified as R- strain		Invertebrate								2021-08									pheromone baited moth trap		11		
SRR29141937	SAMN41506818			Thorax	adult	male		USA: Tazewell County, Illinois	fall armyworm moth from Tazewell County, Illinois collected in August 2021 identified as R- strain		Invertebrate								2021-08									pheromone baited moth trap		9		
SRR29141940	SAMN41506815			Thorax	adult	male		USA: Tazewell County, Illinois	fall armyworm moth from Tazewell County, Illinois collected in August 2021 identified as R- strain		Invertebrate								2021-08									pheromone baited moth trap		6		
SRR29141949	SAMN41506641			Thorax	adult	male		USA: Kern County, California	fall armyworm moth from Kern County, California collected in September 2021 identified as C- strain		Invertebrate								2021-09									pheromone baited moth trap		19		
SRR29141951	SAMN41506639			Thorax	adult	male		USA: Kern County, California	fall armyworm moth from Kern County, California collected in September 2021 identified as C- strain		Invertebrate								2021-09									pheromone baited moth trap		17		
SRR29141954	SAMN41506636			Thorax	adult	male		USA: Kern County, California	fall armyworm moth from Kern County, California collected in September 2021 identified as C- strain		Invertebrate								2021-09									pheromone baited moth trap		14		
SRR29141959	SAMN41506632			Thorax	adult	male		USA: Kern County, California	fall armyworm moth from Kern County, California collected in September 2021 identified as C- strain		Invertebrate								2021-09									pheromone baited moth trap		10		
SRR29141960	SAMN41506631			Thorax	adult	male		USA: Kern County, California	fall armyworm moth from Kern County, California collected in September 2021 identified as C- strain		Invertebrate								2021-09									pheromone baited moth trap		9		
SRR29141961	SAMN41506630			Thorax	adult	male		USA: Kern County, California	fall armyworm moth from Kern County, California collected in September 2021 identified as C- strain		Invertebrate								2021-09									pheromone baited moth trap		8		
SRR29141962	SAMN41506629			Thorax	adult	male		USA: Kern County, California	fall armyworm moth from Kern County, California collected in September 2021 identified as C- strain		Invertebrate								2021-09									pheromone baited moth trap		7		
SRR29141963	SAMN41506628			Thorax	adult	male		USA: Kern County, California	fall armyworm moth from Kern County, California collected in September 2021 identified as C- strain		Invertebrate								2021-09									pheromone baited moth trap		6		
SRR29141967	SAMN41506993			Thorax	adult	male		USA: Yuma County, Arizona	fall armyworm moth from Yuma County, Arizona collected in September 2021 identified as C- strain		Invertebrate								2021-09									pheromone baited moth trap		21		
SRR29141968	SAMN41506992			Thorax	adult	male		USA: Yuma County, Arizona	fall armyworm moth from Yuma County, Arizona collected in September 2021 identified as C- strain		Invertebrate								2021-09									pheromone baited moth trap		20		
SRR29141969	SAMN41506991			Thorax	adult	male		USA: Yuma County, Arizona	fall armyworm moth from Yuma County, Arizona collected in September 2021 identified as C- strain		Invertebrate								2021-09									pheromone baited moth trap		19		
SRR29141970	SAMN41506990			Thorax	adult	male		USA: Yuma County, Arizona	fall armyworm moth from Yuma County, Arizona collected in September 2021 identified as C- strain		Invertebrate								2021-09									pheromone baited moth trap		18		
SRR29141971	SAMN41506989			Thorax	adult	male		USA: Yuma County, Arizona	fall armyworm moth from Yuma County, Arizona collected in September 2021 identified as C- strain		Invertebrate								2021-09									pheromone baited moth trap		17		
SRR29141972	SAMN41506988			Thorax	adult	male		USA: Yuma County, Arizona	fall armyworm moth from Yuma County, Arizona collected in September 2021 identified as C- strain		Invertebrate								2021-09									pheromone baited moth trap		16		
