run	module	country	subnational	lat	lon	conf	total	pmapped	rate	dup_pct	properly_paired	raw_depth	gb
SRR12072096	P3	Zambia	(国)	-14.5189	27.5590	low	22811989	20973827	97.1500	10.9729	16783870	8.7800	1.7390
SRR20748643	P3	China	(国)	34.5412	108.9237	low	26715637	24596066	97.5200	5.5882	20077940	10.3200	1.5987
SRR20748719	P3	Malaysia	(国)	4.5694	102.2657	low	38307100	36081445	96.0900	13.0417	29238964	14.5700	1.7542
SRR20748733	P3	China	(国)	34.5412	108.9237	low	27235976	24447242	94.8100	4.9085	20049854	10.2400	1.6312
SRR20748753	P3	Malaysia	(国)	4.5694	102.2657	low	38212834	35810580	95.6300	10.8595	28949450	14.4700	1.7808
SRR34858432	P3	Ghana	(国)	8.0300	-1.0800	low	16191441	15159977	99.0400	0.1245	13391296	6.3500	2.2130
SRR34858444	P3	Zambia	(国)	-14.5189	27.5590	low	17136532	15726096	96.9200	0.0759	13861574	6.5800	2.4385
SRR34858448	P3	Malawi	(国)	-13.2687	33.9302	low	17429769	16175738	98.9800	0.1670	13965064	6.8300	2.3978
SRR34858451	P3	Malawi	(国)	-13.2687	33.9302	low	17126696	15922123	98.2100	0.2717	13462490	6.6600	2.4061
SRR34858465	P3	Rwanda	(国)	-2.0002	30.0004	low	17410877	16241778	98.9600	0.0812	14339614	6.8200	2.4434
SRR34858467	P3	Rwanda	(国)	-2.0002	30.0004	low	17314944	16226298	99.4300	0.0969	14764762	6.8100	2.2439
SRR34858472	P3	Kenya	(国)	0.2793	37.5165	low	17380938	16272963	99.2700	0.1193	14474736	6.8300	2.3142
SRR34858474	P3	Kenya	(国)	0.2793	37.5165	low	17190651	16063903	98.8600	0.0955	13837022	6.7300	2.3790
SRR34858475	P3	Sudan	(国)	14.5844	29.4918	low	17287746	16188262	98.9600	0.0658	14182108	6.7700	2.4711
SRR34858476	P3	Sudan	(国)	14.5844	29.4918	low	17231441	15901824	97.4300	0.1128	14180616	6.6500	2.4325
SRR34858482	P3	Ghana	(国)	8.0300	-1.0800	low	16257369	15101038	98.0700	0.1643	12720988	6.3100	2.4029
SRR12044622	P4	Brazil	(国)	-10.3333	-53.2000	low	17476331	13058786	77.6700	10.6218	11896088	5.4300	1.3964
SRR12044624	P4	Brazil	(国)	-10.3333	-53.2000	low	18487519	12276229	68.8700	10.4629	10991464	5.1200	1.4152
SRR12044626	P4	Brazil	(国)	-10.3333	-53.2000	low	17860181	16713933	98.6800	12.2957	15398086	6.9800	1.2876
SRR12044628	P4	USA	(国)	39.7837	-100.4459	low	90927907	84017249	98.1400	15.2429	70061754	35.3400	7.4305
SRR12044633	P4	Puerto Rico	(国)	18.2248	-66.4858	low	27114866	25089354	97.8200	12.3599	22744154	10.5000	1.9456
SRR12044635	P4	Puerto Rico	(国)	18.2248	-66.4858	low	26740911	24413140	93.5500	10.9046	23854336	9.9100	1.8694
SRR12044636	P4	Puerto Rico	(国)	18.2248	-66.4858	low	16474186	15212629	97.6000	6.1809	12902702	6.3700	1.7214
SRR12044637	P4	USA	(国)	39.7837	-100.4459	low	26526964	24420937	97.6700	13.5242	20455848	10.2600	2.4614
SRR12044638	P4	USA	(国)	39.7837	-100.4459	low	17426483	16013514	97.4600	13.9004	13050282	6.7300	1.7157
SRR12044645	P4	Argentina	(国)	-34.9965	-64.9673	low	17737858	16557574	98.7200	14.6340	14646950	6.9300	1.2851
SRR12044648	P4	Kenya	(国)	0.2793	37.5165	low	16994777	14839106	91.6200	13.6030	12747162	6.1900	1.2533
SRR12044649	P4	Kenya	(国)	0.2793	37.5165	low	17045056	15626552	96.7900	12.8661	13263076	6.5400	1.2629
SRR12044650	P4	Kenya	(国)	0.2793	37.5165	low	17106475	15357351	94.6200	13.2193	13050814	6.4200	1.2601
SRR12044667	P4	Argentina	(国)	-34.9965	-64.9673	low	17693443	16198549	96.0300	11.8377	14575786	6.7300	1.3305
SRR12044668	P4	Argentina	(国)	-34.9965	-64.9673	low	27096801	25220962	98.5800	12.5364	22274800	10.5700	1.8886
SRR9289268	P2	Brazil	Rio Verde, Goias	-17.7921	-50.9191	high	17947858	14517749	84.9700	0.9244	11899050	6.0800	1.8607
SRR9289269	P2	Brazil	Conchal, Sao Paulo	-22.3375	-47.1729	high	18294671	16555827	95.9400	0.9683	13415786	6.9600	1.9021
SRR9289270	P2	Brazil	Balsas, Maranhao	-7.5321	-46.0372	high	16295288	6689425	41.6600	0.4667	5939846	2.7400	1.5475
SRR9289271	P2	Brazil	Jatai, Goias	-17.8856	-51.7203	high	15434465	11172491	75.0700	0.7535	9515428	4.6400	1.7201
SRR9289272	P2	Brazil	Itapetininga, Sao Paulo	-23.5886	-48.0483	high	16213797	8275094	52.1000	0.5041	7315156	3.4000	1.5334
SRR9289273	P2	Brazil	Santa Cruz das Palmeiras, Sao Paulo	-21.8235	-47.2480	high	26043745	18729766	74.8800	0.8549	15695118	7.8200	2.5918
SRR9289274	P2	Brazil	Chapeco, Santa Catarina	-27.0922	-52.6167	high	17445195	13563528	81.1500	0.7870	11497784	5.6500	1.8437
SRR9289275	P2	Brazil	Ourinhos, Sao Paulo	-22.9778	-49.8682	high	16441988	6068448	37.3600	0.3517	5447350	2.4800	1.5342
SRR9289276	P2	Brazil	Santa Rosa, Rio Grande do Sul	-27.8644	-54.4779	high	26524754	20521665	80.7100	0.8194	17535134	8.5500	2.7159
SRR9289277	P2	Brazil	Carazinho, Rio Grande do Sul	-28.2982	-52.7942	high	16372064	11561643	73.2700	0.7675	9827334	4.8100	1.7268
SRR9289278	P2	Brazil	Ponta Pora, Mato Grosso do Sul	-22.5287	-55.7234	high	17652242	15659720	93.8800	0.9428	12755352	6.5800	1.8612
SRR9289279	P2	Brazil	Sao Gabriel do Oeste, Mato Grosso do Sul	-19.3945	-54.5755	high	26752699	18014111	69.8700	0.7416	15082700	7.5100	2.7201
SRR9289280	P2	Brazil	Dourados, Mato Grosso do Sul	-22.2206	-54.8122	high	18587501	16831678	95.7000	0.9983	13912300	7.0500	1.9255
SRR9289281	P2	Brazil	Chapadao do Sul, Mato Grosso do Sul	-18.7949	-52.6200	high	17064681	15630872	97.0300	1.0091	12737174	6.5600	1.7909
SRR9289282	P2	Brazil	Luis Eduardo Magalhaes, Bahia	-12.0869	-45.7834	high	17436078	15745381	95.5800	0.9947	12843600	6.6100	1.8273
SRR9289283	P2	Brazil	Uberlandia, Minas Gerais	-18.9188	-48.2768	high	25219378	17461829	71.9100	0.7258	14692470	7.2800	2.5324
SRR9289284	P2	Brazil	Pouso Alegre de Minas, Minas Gerais	-22.2276	-45.9282	high	17063584	6238028	36.9500	0.4307	5664348	2.5400	1.5153
SRR9289285	P2	Brazil	Frutal, Minas Gerais	-20.0220	-48.9280	high	18106455	12944866	74.3400	0.7699	10965560	5.3900	1.8070
SRR9289286	P2	Brazil	Lucas do Rio Verde, Mato Grosso	-13.0665	-55.9197	high	17178494	15611883	95.9300	0.9654	13134978	6.5300	1.8491
SRR9289287	P2	Brazil	Formosa, Goias	-15.5492	-47.3301	high	14990553	7388074	50.3300	0.5521	6410426	3.0500	1.5674
SRR9289288	P2	Brazil	Campo Verde, Mato Grosso	-15.5431	-55.1591	high	20483916	18572942	96.2000	1.0314	14852066	7.8100	2.0803
SRR9289289	P2	Brazil	Pato Branco, Parana	-26.2296	-52.6712	high	18483432	16820596	96.3100	1.1528	13849154	7.0600	1.8712
SRR9289290	P2	Brazil	Ponta Grossa, Parana	-25.1392	-49.9922	high	16272821	11085984	70.6400	0.6519	9328092	4.6100	1.6886
SRR9289291	P2	Brazil	Campo Mourao, Parana	-24.0463	-52.3780	high	18202248	16515813	96.2600	1.1264	13708844	6.9500	1.8130
SRR9289292	P2	Brazil	Palotina, Parana	-24.2840	-53.8405	high	16490244	11415286	71.8100	0.6723	9674804	4.7500	1.7342
SRR9289293	P2	Brazil	Sinop, Mato Grosso	-11.8577	-55.4968	high	24907921	8886971	36.0000	0.4294	8227438	3.6000	2.2705
SRR9289294	P2	Brazil	Querencia, Mato Grosso	-12.5945	-52.2089	high	16534088	9660325	60.1900	0.6052	8166068	4.0100	1.6515
SRR9289295	P2	Brazil	Sapezal, Mato Grosso	-13.5480	-58.8146	high	27206168	22448948	86.7600	1.2199	18472926	9.4100	2.7418
SRR9289296	P2	Brazil	Guarapuava, Parana	-25.3951	-51.4622	high	17400232	15742101	95.9100	1.1204	12698112	6.6200	1.8177
SRR9289297	P2	Brazil	Rolandia, Parana	-23.3120	-51.3674	high	26936103	22453581	87.7000	0.9970	18457336	9.4100	2.7445
SRR9656250	P5	China	Yunnan	25.0000	102.0000	medium	28971174	24540217	85.9600	12.9650	0	9.8700	2.4786
SRR9656251	P5	China	Yunnan	25.0000	102.0000	medium	29797185	25235757	85.9600	13.1401	0	10.1500	2.5261
SRR9656252	P5	China	Yunnan	25.0000	102.0000	medium	24649048	20366883	83.8200	11.1536	0	8.1900	2.1145
SRR9656253	P5	China	Yunnan	25.0000	102.0000	medium	28280969	23156379	83.0300	12.1334	0	9.3100	2.4271
SRR9656262	P5	China	Guangdong	23.1358	113.1983	medium	35634373	30038637	85.5700	5.6189	0	12.0900	3.2630
SRR9656263	P5	China	Guangdong	23.1358	113.1983	medium	36026944	30433049	85.7700	4.9924	0	12.2500	3.2428
SRR9656266	P5	China	Guangdong	23.1358	113.1983	medium	35999513	30401946	85.7400	5.1684	0	12.2400	3.2780
SRR9656269	P5	China	Guangdong	23.1358	113.1983	medium	43277636	34988258	89.1900	59.0717	0	15.4400	2.8369
SRR9656270	P5	China	Guangdong	23.1358	113.1983	medium	40010701	32449736	89.3700	57.2295	0	14.3000	2.8737
SRR9656292	P5	China	Guangdong	23.1358	113.1983	medium	42415170	34300441	89.2200	60.1613	0	15.1400	2.7875
SRR18431688	P6	USA	Jacksonville	30.3262	-81.6579	high	17536314	15236769	92.0700	11.0777	12160300	6.4200	1.4454
SRR18431694	P6	USA	Citra	29.4119	-82.1098	high	17036805	15127431	93.9300	10.9063	12288612	6.3500	1.3776
SRR18431700	P6	USA	Citra	29.4119	-82.1098	high	16583998	12881001	81.1600	2.3257	10618514	5.3800	1.5862
SRR18431703	P6	USA	Citra	29.4119	-82.1098	high	16755969	13981169	87.6900	2.2799	11508872	5.8500	1.5896
SRR18431707	P6	USA	Jacksonville	30.3262	-81.6579	high	16643647	15095731	96.5200	11.5261	12046078	6.3700	1.3892
SRR18431708	P6	USA	Jacksonville	30.3262	-81.6579	high	27275062	24759662	96.6400	11.8045	19676242	10.4500	2.1057
SRR29141563	P1	USA	Pinal County, Arizona	32.8086	-111.4426	high	17340525	15105773	96.8300	23.3847	9328704	6.6600	1.3081
SRR29141567	P1	USA	Pinal County, Arizona	32.8086	-111.4426	high	14420346	12785145	97.4400	18.7576	8638444	5.5700	1.1088
SRR29141568	P1	USA	Pinal County, Arizona	32.8086	-111.4426	high	17061025	14475272	93.1600	15.4018	10142874	6.3300	1.3648
SRR29141569	P1	USA	Pinal County, Arizona	32.8086	-111.4426	high	15968567	14016870	97.2600	18.2570	9010706	6.1600	1.2647
SRR29141571	P1	USA	Pinal County, Arizona	32.8086	-111.4426	high	16958038	14328383	94.3300	17.0100	9048130	6.3700	1.3354
SRR29141572	P1	USA	Pinal County, Arizona	32.8086	-111.4426	high	16469797	14488187	97.2500	19.4858	9551950	6.3500	1.2655
SRR29141573	P1	USA	Pinal County, Arizona	32.8086	-111.4426	high	15445854	13555241	97.3900	17.5963	8602414	5.9700	1.2293
SRR29141578	P1	Puerto Rico	Juana Diaz,	18.0638	-66.4889	high	17462519	15668052	98.5400	19.9261	12505010	6.8200	1.2990
SRR29141586	P1	Puerto Rico	Juana Diaz,	18.0638	-66.4889	high	16789323	14361605	97.7500	19.7944	9421094	6.5100	1.2906
SRR29141589	P1	Puerto Rico	Juana Diaz,	18.0638	-66.4889	high	15395710	13516314	97.9800	19.6699	9713556	5.9800	1.1867
SRR29141590	P1	Puerto Rico	Juana Diaz,	18.0638	-66.4889	high	15672632	13302268	98.0200	20.3297	8752074	6.0900	1.2103
SRR29141591	P1	USA	Tazewell County, Illinois	40.5126	-89.5442	high	16055357	13753492	96.4700	21.5445	7005066	6.1500	1.2420
SRR29141593	P1	USA	Burke County, Georgia	33.0482	-81.9576	high	17416932	15368315	97.9900	18.3000	11260896	6.7600	1.3271
SRR29141594	P1	USA	Burke County, Georgia	33.0482	-81.9576	high	17666853	15476173	98.2600	23.2916	9647116	6.8800	1.3325
SRR29141596	P1	USA	Burke County, Georgia	33.0482	-81.9576	high	17307793	15261379	97.9500	20.1885	10579050	6.7200	1.3071
SRR29141597	P1	USA	Burke County, Georgia	33.0482	-81.9576	high	17188074	15320967	98.1500	19.1223	11650372	6.6800	1.2853
SRR29141600	P1	USA	Burke County, Georgia	33.0482	-81.9576	high	17920741	15451997	97.9400	20.0079	10127816	6.9600	1.3655
SRR29141606	P1	USA	Burke County, Georgia	33.0482	-81.9576	high	17719656	15319531	98.1500	17.7225	10533950	6.8900	1.3745
SRR29141614	P1	USA	Burke County, Georgia	33.0482	-81.9576	high	17740196	14962917	95.3800	16.8555	9725790	6.7300	1.4270
SRR29141616	P1	USA	Burke County, Georgia	33.0482	-81.9576	high	17756711	14408082	92.0300	16.2252	9501906	6.5300	1.4288
SRR29141617	P1	USA	Burke County, Georgia	33.0482	-81.9576	high	17582083	15131570	97.4900	17.8683	9826946	6.8000	1.3996
SRR29141625	P1	USA	Palm Beach County, Florida	26.6280	-80.4494	high	16870303	12085735	78.3400	13.5722	8861558	5.3500	1.3074
SRR29141628	P1	USA	Palm Beach County, Florida	26.6280	-80.4494	high	17668561	15153744	97.3800	18.7065	10213910	6.8300	1.3734
SRR29141632	P1	USA	Palm Beach County, Florida	26.6280	-80.4494	high	17666247	15415280	97.8200	18.5185	10983950	6.8500	1.3742
SRR29141637	P1	USA	Kern County, California	35.3146	-118.7538	high	17666098	15225818	97.8500	19.2407	9866340	6.8500	1.3647
SRR29141639	P1	USA	Yuma County, Arizona	32.7915	-113.8975	high	15041336	13410930	97.9400	16.9720	10248288	5.8400	1.1798
SRR29141642	P1	USA	Yuma County, Arizona	32.7915	-113.8975	high	15377555	13498641	97.5900	18.6476	9551168	5.9500	1.1891
SRR29141644	P1	USA	Yuma County, Arizona	32.7915	-113.8975	high	16919629	14817855	96.2300	21.3538	10894022	6.4600	1.2681
SRR29141645	P1	USA	Yuma County, Arizona	32.7915	-113.8975	high	17175288	15292817	97.8000	19.9834	11529928	6.6600	1.2996
SRR29141646	P1	USA	Yuma County, Arizona	32.7915	-113.8975	high	15866541	13570170	92.5300	19.1105	10051332	5.8400	1.2066
SRR29141655	P1	USA	Pike County, Georgia	33.0815	-84.3969	high	15104157	12509732	97.6400	18.1347	7686140	5.8500	1.2156
SRR29141656	P1	USA	Pike County, Georgia	33.0815	-84.3969	high	17293524	14688288	97.2300	19.1097	9314674	6.6700	1.3600
SRR29141657	P1	USA	Pike County, Georgia	33.0815	-84.3969	high	15658037	12533664	91.6900	17.6781	8482110	5.7400	1.2467
SRR29141659	P1	USA	Pike County, Georgia	33.0815	-84.3969	high	17548431	12593122	80.8800	18.7590	7621656	5.7600	1.3566
SRR29141661	P1	USA	Pike County, Georgia	33.0815	-84.3969	high	14321475	9763553	75.6900	16.1316	6485702	4.4200	1.1240
SRR29141674	P1	USA	Hidalgo County, Texas	26.3530	-98.2164	high	17150815	15116878	96.7800	18.9416	10152582	6.5800	1.2957
SRR29141675	P1	USA	Hidalgo County, Texas	26.3530	-98.2164	high	17421563	14982000	96.7400	22.2369	8108440	6.6900	1.3222
SRR29141682	P1	USA	Hidalgo County, Texas	26.3530	-98.2164	high	16477916	14482949	97.4000	20.3906	10105014	6.3600	1.2709
SRR29141684	P1	USA	Hidalgo County, Texas	26.3530	-98.2164	high	16349188	14599705	97.9200	19.5244	11179100	6.3400	1.2523
SRR29141694	P1	Puerto Rico	Juana Diaz,	18.0638	-66.4889	high	16512795	14379614	98.0500	19.4138	10026018	6.4200	1.2697
SRR29141699	P1	Puerto Rico	Juana Diaz,	18.0638	-66.4889	high	14887239	12754528	97.9400	18.7627	8460492	5.7800	1.1778
SRR29141700	P1	USA	Tazewell County, Illinois	40.5126	-89.5442	high	15922536	12255734	82.4200	15.4021	9470862	5.2600	1.2757
SRR29141701	P1	USA	Tazewell County, Illinois	40.5126	-89.5442	high	14708958	12979769	97.1800	21.2398	8882526	5.6700	1.1548
SRR29141704	P1	USA	Tazewell County, Illinois	40.5126	-89.5442	high	16545004	14368021	96.9500	17.9256	9604662	6.3700	1.3237
SRR29141722	P1	USA	Burke County, Georgia	33.0482	-81.9576	high	17423988	15225760	97.7700	18.0677	10841914	6.7500	1.3706
SRR29141723	P1	USA	Burke County, Georgia	33.0482	-81.9576	high	18097500	15144149	97.6900	19.0928	9372570	7.0200	1.4140
SRR29141730	P1	USA	Burke County, Georgia	33.0482	-81.9576	high	17793084	14964635	95.0500	18.6416	9791276	6.7300	1.3743
SRR29141731	P1	USA	Kern County, California	35.3146	-118.7538	high	18037465	15410743	98.2000	18.2414	11138742	7.0200	1.3804
SRR29141733	P1	USA	Miami-Dade County, Florida	25.6364	-80.4989	high	15655738	13418706	97.7800	18.6195	8926292	6.0700	1.2442
SRR29141735	P1	USA	Miami-Dade County, Florida	25.6364	-80.4989	high	15105761	13151159	98.0300	16.8890	9128996	5.8700	1.1890
SRR29141737	P1	USA	Miami-Dade County, Florida	25.6364	-80.4989	high	15596283	13508619	97.1600	18.3658	9083976	6.0100	1.2420
SRR29141739	P1	USA	Miami-Dade County, Florida	25.6364	-80.4989	high	17632752	15251523	97.6200	17.3783	10568256	6.8300	1.3975
SRR29141740	P1	USA	Miami-Dade County, Florida	25.6364	-80.4989	high	18115909	15530884	97.7900	15.5416	10771920	7.0300	1.4420
SRR29141741	P1	USA	Miami-Dade County, Florida	25.6364	-80.4989	high	17361384	14904513	97.5200	17.5038	9811048	6.7200	1.3843
SRR29141744	P1	USA	Miami-Dade County, Florida	25.6364	-80.4989	high	15626233	13551075	97.7500	16.6295	9553152	6.0600	1.2429
SRR29141746	P1	USA	Duval County, Florida	30.3540	-81.6632	high	16087837	13701761	97.1000	18.5883	8475160	6.2000	1.2821
SRR29141747	P1	USA	Kern County, California	35.3146	-118.7538	high	17418370	15260533	97.8100	17.1281	10972044	6.7500	1.3559
SRR29141748	P1	USA	Duval County, Florida	30.3540	-81.6632	high	17502134	15276524	97.4700	19.7026	10100802	6.7700	1.3510
SRR29141750	P1	USA	Duval County, Florida	30.3540	-81.6632	high	15886921	13583595	95.0900	17.2177	9326232	6.0100	1.2709
SRR29141752	P1	USA	Duval County, Florida	30.3540	-81.6632	high	14668327	12671483	97.9500	23.1825	7411306	5.7000	1.1484
SRR29141754	P1	USA	Duval County, Florida	30.3540	-81.6632	high	17543633	14974123	95.4400	20.4261	9759258	6.6600	1.3717
SRR29141755	P1	USA	Duval County, Florida	30.3540	-81.6632	high	16155767	13709664	97.4000	20.5636	8525824	6.2500	1.2764
SRR29141757	P1	USA	Larimer County, Colorado	40.6810	-105.4727	high	16689894	14512035	97.8000	22.5116	9133624	6.4700	1.2829
SRR29141759	P1	USA	Larimer County, Colorado	40.6810	-105.4727	high	15017693	13021393	98.1500	21.3287	7964514	5.8400	1.1616
SRR29141760	P1	USA	Larimer County, Colorado	40.6810	-105.4727	high	16252868	14192480	97.6400	16.9771	9596932	6.2900	1.2800
SRR29141764	P1	USA	Larimer County, Colorado	40.6810	-105.4727	high	15522748	13662685	97.6800	20.8765	9266954	6.0100	1.1864
SRR29141765	P1	USA	Larimer County, Colorado	40.6810	-105.4727	high	15746572	13764498	97.5700	20.8326	9212460	6.0900	1.2133
SRR29141766	P1	USA	Larimer County, Colorado	40.6810	-105.4727	high	15594058	13856625	97.4100	23.9398	9625946	6.0200	1.1713
SRR29141767	P1	USA	Larimer County, Colorado	40.6810	-105.4727	high	17565291	15169404	97.5600	18.8586	10308576	6.8000	1.3572
SRR29141768	P1	USA	Larimer County, Colorado	40.6810	-105.4727	high	17233701	15260517	97.5900	20.2075	10966664	6.6700	1.3126
SRR29141773	P1	USA	Larimer County, Colorado	40.6810	-105.4727	high	16954701	14882337	97.3800	19.0199	10251204	6.5500	1.3169
SRR29141775	P1	USA	Centre County, Pennsylvania	40.9382	-77.7866	high	17478056	15284844	97.1100	20.3065	10413306	6.7300	1.3481
SRR29141777	P1	USA	Centre County, Pennsylvania	40.9382	-77.7866	high	17116800	15162514	97.3000	23.2816	10278840	6.6000	1.3060
SRR29141778	P1	USA	Centre County, Pennsylvania	40.9382	-77.7866	high	16853613	14797995	97.3000	22.7767	9874724	6.5000	1.2916
SRR29141779	P1	USA	Centre County, Pennsylvania	40.9382	-77.7866	high	17245194	15187506	97.6500	23.3353	10565518	6.6800	1.2814
SRR29141780	P1	USA	Centre County, Pennsylvania	40.9382	-77.7866	high	15904666	13869812	97.5300	19.8773	9192288	6.1500	1.2564
SRR29141781	P1	USA	Centre County, Pennsylvania	40.9382	-77.7866	high	15355860	13573759	96.8100	24.9668	9448262	5.9000	1.1580
SRR29141783	P1	USA	Centre County, Pennsylvania	40.9382	-77.7866	high	17101307	15249676	97.7900	24.6062	10729420	6.6300	1.2497
SRR29141786	P1	USA	Centre County, Pennsylvania	40.9382	-77.7866	high	15491329	13696851	97.2600	21.1500	9414782	5.9700	1.2014
SRR29141787	P1	USA	Centre County, Pennsylvania	40.9382	-77.7866	high	15890040	14058207	97.3100	22.0287	9630258	6.1300	1.2272
SRR29141788	P1	USA	Centre County, Pennsylvania	40.9382	-77.7866	high	16385271	14538043	97.4400	20.3352	10162202	6.3300	1.2514
SRR29141789	P1	USA	Centre County, Pennsylvania	40.9382	-77.7866	high	18292315	14642970	93.2800	20.0156	8151942	6.8200	1.4579
SRR29141792	P1	USA	Centre County, Pennsylvania	40.9382	-77.7866	high	17439579	14922727	97.3600	18.6642	9956018	6.7400	1.3782
SRR29141794	P1	USA	Pinal County, Arizona	32.8086	-111.4426	high	14712989	12789910	96.9400	17.6373	7985326	5.6600	1.1845
SRR29141799	P1	USA	Pinal County, Arizona	32.8086	-111.4426	high	15668055	13933280	97.4600	21.3551	9455350	6.0500	1.1900
SRR29141800	P1	USA	Pinal County, Arizona	32.8086	-111.4426	high	14101771	12576636	97.2400	20.0498	8783372	5.4400	1.0797
SRR29141801	P1	USA	Pinal County, Arizona	32.8086	-111.4426	high	17350701	15190740	97.4800	21.1470	9665378	6.7100	1.3169
SRR29141802	P1	USA	Lubbock County, Texas	33.5831	-101.8186	high	16269370	14259076	97.7500	22.1022	9577872	6.3100	1.2399
SRR29141803	P1	USA	Lubbock County, Texas	33.5831	-101.8186	high	16443951	14462639	97.8900	19.6014	10336892	6.3800	1.2639
SRR29141813	P1	USA	Lubbock County, Texas	33.5831	-101.8186	high	17144332	15078982	97.4300	17.6520	10259578	6.6200	1.3438
SRR29141814	P1	USA	Lubbock County, Texas	33.5831	-101.8186	high	17659930	15229745	97.8400	16.7814	9972664	6.8500	1.3877
SRR29141815	P1	USA	Lubbock County, Texas	33.5831	-101.8186	high	17874906	15511758	97.9200	17.8481	10794014	6.9400	1.3800
SRR29141816	P1	USA	Lubbock County, Texas	33.5831	-101.8186	high	17241093	15059405	97.7000	18.6463	10885336	6.6800	1.3367
SRR29141817	P1	USA	Lubbock County, Texas	33.5831	-101.8186	high	17735645	15223465	97.7000	20.5131	9988522	6.8700	1.3867
SRR29141818	P1	USA	Lubbock County, Texas	33.5831	-101.8186	high	16398335	14295830	97.7200	18.8132	9715460	6.3500	1.2622
SRR29141821	P1	USA	Lubbock County, Texas	33.5831	-101.8186	high	15438245	13554402	97.3600	16.9185	9770300	5.9600	1.2298
SRR29141822	P1	USA	Lubbock County, Texas	33.5831	-101.8186	high	16655226	14627618	97.3300	15.7006	11392194	6.4300	1.3247
SRR29141823	P1	USA	Lubbock County, Texas	33.5831	-101.8186	high	17778361	15167931	96.7100	18.6477	9557996	6.8300	1.4213
SRR29141824	P1	USA	Lubbock County, Texas	33.5831	-101.8186	high	16151922	13909368	97.8400	20.0763	9036022	6.2700	1.2676
SRR29141828	P1	USA	Duval County, Florida	30.3540	-81.6632	high	15644736	13781559	97.6700	19.1828	9730898	6.0600	1.2257
SRR29141830	P1	USA	Larimer County, Colorado	40.6810	-105.4727	high	16586993	14626531	97.3800	25.9219	10014462	6.4100	1.2234
SRR29141831	P1	USA	Larimer County, Colorado	40.6810	-105.4727	high	16706865	14660737	97.1600	19.7786	9892858	6.4400	1.3015
SRR29141832	P1	USA	Larimer County, Colorado	40.6810	-105.4727	high	15651026	13894463	97.5500	19.1456	9973924	6.0500	1.2320
SRR29141834	P1	USA	Palm Beach County, Florida	26.6280	-80.4494	high	17263156	15178311	97.3400	18.5721	10272634	6.6600	1.3492
SRR29141839	P1	USA	Palm Beach County, Florida	26.6280	-80.4494	high	17120480	15074227	97.8000	21.4731	10449450	6.6400	1.3012
SRR29141846	P1	USA	Palm Beach County, Florida	26.6280	-80.4494	high	17746224	15404287	97.5400	18.4906	10544390	6.8700	1.3829
SRR29141849	P1	USA	Palm Beach County, Florida	26.6280	-80.4494	high	17294895	15033940	95.5500	20.8782	10663126	6.5600	1.3218
SRR29141852	P1	USA	Palm Beach County, Florida	26.6280	-80.4494	high	17227308	12395157	78.7700	15.9557	8208480	5.4900	1.3587
SRR29141853	P1	USA	Palm Beach County, Florida	26.6280	-80.4494	high	17196196	14989187	96.9200	15.6395	11619230	6.6100	1.3628
SRR29141858	P1	USA	Kern County, California	35.3146	-118.7538	high	17487449	15238265	97.7000	20.0371	10090826	6.7800	1.3536
SRR29141863	P1	USA	Palm Beach County, Florida	26.6280	-80.4494	high	17759075	14925293	94.1400	18.7541	9971558	6.6600	1.3734
SRR29141887	P1	USA	Palm Beach County, Florida	26.6280	-80.4494	high	17183312	15321875	97.7500	20.8314	11371414	6.6600	1.2852
SRR29141898	P1	USA	Hidalgo County, Texas	26.3530	-98.2164	high	17420159	15229089	97.3500	16.9628	10389924	6.7300	1.3647
SRR29141900	P1	USA	Hidalgo County, Texas	26.3530	-98.2164	high	18036813	15438817	98.1400	18.2410	10367240	7.0200	1.4093
SRR29141901	P1	USA	Hidalgo County, Texas	26.3530	-98.2164	high	17841900	15080764	94.5300	18.2004	10301088	6.7100	1.3583
SRR29141903	P1	USA	Hidalgo County, Texas	26.3530	-98.2164	high	17486134	15334053	96.9300	20.0656	10387632	6.7200	1.3472
SRR29141907	P1	USA	Hidalgo County, Texas	26.3530	-98.2164	high	17551681	15138865	97.4300	17.6840	9783710	6.7800	1.3987
SRR29141909	P1	USA	Hidalgo County, Texas	26.3530	-98.2164	high	18632941	15351504	97.9900	17.4785	8675786	7.2500	1.4855
SRR29141913	P1	USA	Hidalgo County, Texas	26.3530	-98.2164	high	16122856	13497521	91.2300	19.3977	9630490	5.8600	1.2151
SRR29141916	P1	USA	Hidalgo County, Texas	26.3530	-98.2164	high	17370425	14670698	94.2300	17.4622	10183450	6.5200	1.3485
SRR29141925	P1	USA	Palm Beach County, Florida	26.6280	-80.4494	high	18131840	15219564	98.1900	19.6190	8859868	7.0600	1.4022
SRR29141929	P1	USA	Tazewell County, Illinois	40.5126	-89.5442	high	17148272	15307321	97.1200	24.5839	10273560	6.6000	1.2406
SRR29141930	P1	USA	Tazewell County, Illinois	40.5126	-89.5442	high	15398488	13345836	96.6300	20.2749	8274898	5.9100	1.1856
SRR29141932	P1	USA	Tazewell County, Illinois	40.5126	-89.5442	high	16683600	14205432	96.4100	21.4378	7589592	6.3900	1.2786
SRR29141933	P1	USA	Tazewell County, Illinois	40.5126	-89.5442	high	15333472	12806502	93.3100	19.3199	7049900	5.7000	1.2238
SRR29141934	P1	USA	Tazewell County, Illinois	40.5126	-89.5442	high	15588598	13289634	96.5400	20.6220	7126150	5.9800	1.2365
SRR29141935	P1	USA	Tazewell County, Illinois	40.5126	-89.5442	high	16510100	14147855	96.5300	22.2104	7711640	6.3300	1.2772
SRR29141937	P1	USA	Tazewell County, Illinois	40.5126	-89.5442	high	17389472	15049920	96.4900	22.8790	8543532	6.6600	1.3506
SRR29141940	P1	USA	Tazewell County, Illinois	40.5126	-89.5442	high	15131994	12883967	96.4300	19.8766	7048314	5.8000	1.1849
SRR29141949	P1	USA	Kern County, California	35.3146	-118.7538	high	17749623	15445896	97.8300	18.7742	10522858	6.8900	1.3843
SRR29141951	P1	USA	Kern County, California	35.3146	-118.7538	high	17824678	15323969	98.2300	20.6154	9097200	6.9400	1.3871
SRR29141954	P1	USA	Kern County, California	35.3146	-118.7538	high	17564641	15371255	97.8100	17.6785	10660112	6.8100	1.3712
SRR29141959	P1	USA	Kern County, California	35.3146	-118.7538	high	17407588	15226765	97.8100	18.1736	10695804	6.7500	1.3431
SRR29141960	P1	USA	Kern County, California	35.3146	-118.7538	high	17850690	15323438	98.0100	17.0063	10598492	6.9400	1.4069
SRR29141961	P1	USA	Kern County, California	35.3146	-118.7538	high	17528194	15274456	97.4900	17.7490	10257880	6.7800	1.3663
SRR29141962	P1	USA	Kern County, California	35.3146	-118.7538	high	17635911	15413162	97.9700	18.0919	10904156	6.8500	1.4067
SRR29141963	P1	USA	Kern County, California	35.3146	-118.7538	high	17461421	15184048	97.9000	18.9337	10040856	6.7800	1.3477
SRR29141967	P1	USA	Yuma County, Arizona	32.7915	-113.8975	high	16859084	14745783	97.5500	25.1160	9833282	6.5200	1.2526
SRR29141968	P1	USA	Yuma County, Arizona	32.7915	-113.8975	high	15987974	13960213	96.8000	17.5531	9925930	6.1400	1.2611
SRR29141969	P1	USA	Yuma County, Arizona	32.7915	-113.8975	high	15305674	13627904	97.6000	26.6827	9834572	5.9200	1.1229
SRR29141970	P1	USA	Yuma County, Arizona	32.7915	-113.8975	high	15514025	13850403	97.5600	24.1469	10351018	6.0000	1.1502
SRR29141971	P1	USA	Yuma County, Arizona	32.7915	-113.8975	high	14289074	12770996	97.8500	18.8873	10047250	5.5400	1.0915
SRR29141972	P1	USA	Yuma County, Arizona	32.7915	-113.8975	high	14932071	12895377	95.2400	17.2554	9176542	5.6500	1.1628
